,box0,angry0,disgust0,fear0,happy0,sad0,surprise0,neutral0,box1,angry1,disgust1,fear1,happy1,sad1,surprise1,neutral1,box2,angry2,disgust2,fear2,happy2,sad2,surprise2,neutral2,box3,angry3,disgust3,fear3,happy3,sad3,surprise3,neutral3
0,"[753, 206, 89, 110]",0.08,0.0,0.01,0.25,0.17,0.0,0.5,,,,,,,,,,,,,,,,,,,,,,,,
1,"[745, 165, 98, 122]",0.16,0.0,0.02,0.01,0.23,0.0,0.59,,,,,,,,,,,,,,,,,,,,,,,,
2,"[699, 173, 99, 130]",0.19,0.0,0.0,0.02,0.06,0.0,0.73,,,,,,,,,,,,,,,,,,,,,,,,
3,"[696, 113, 109, 141]",0.03,0.0,0.0,0.0,0.03,0.0,0.94,,,,,,,,,,,,,,,,,,,,,,,,
4,"[664, 90, 124, 160]",0.04,0.0,0.01,0.01,0.05,0.0,0.87,,,,,,,,,,,,,,,,,,,,,,,,
5,"[669, 102, 128, 157]",0.11,0.0,0.01,0.0,0.09,0.0,0.79,,,,,,,,,,,,,,,,,,,,,,,,
6,"[675, 88, 120, 160]",0.45,0.0,0.01,0.0,0.1,0.0,0.42,,,,,,,,,,,,,,,,,,,,,,,,
7,"[662, 81, 119, 155]",0.23,0.0,0.01,0.0,0.18,0.0,0.57,,,,,,,,,,,,,,,,,,,,,,,,
8,"[702, 92, 116, 150]",0.22,0.0,0.01,0.05,0.24,0.0,0.48,,,,,,,,,,,,,,,,,,,,,,,,
9,"[701, 84, 122, 156]",0.01,0.0,0.0,0.93,0.0,0.0,0.06,,,,,,,,,,,,,,,,,,,,,,,,
10,"[690, 92, 116, 152]",0.12,0.0,0.07,0.15,0.17,0.0,0.49,,,,,,,,,,,,,,,,,,,,,,,,
11,"[716, 82, 116, 151]",0.08,0.0,0.01,0.07,0.04,0.0,0.81,,,,,,,,,,,,,,,,,,,,,,,,
12,"[708, 70, 107, 156]",0.03,0.0,0.01,0.39,0.07,0.0,0.5,,,,,,,,,,,,,,,,,,,,,,,,
13,"[713, 82, 111, 155]",0.07,0.0,0.03,0.08,0.2,0.0,0.62,,,,,,,,,,,,,,,,,,,,,,,,
14,"[723, 76, 120, 156]",0.05,0.0,0.0,0.16,0.03,0.0,0.75,,,,,,,,,,,,,,,,,,,,,,,,
15,"[726, 80, 118, 155]",0.02,0.0,0.0,0.03,0.03,0.0,0.92,,,,,,,,,,,,,,,,,,,,,,,,
16,"[645, 113, 110, 146]",0.28,0.0,0.16,0.0,0.49,0.0,0.07,,,,,,,,,,,,,,,,,,,,,,,,
17,"[687, 113, 99, 130]",0.18,0.0,0.07,0.0,0.44,0.0,0.31,,,,,,,,,,,,,,,,,,,,,,,,
18,"[730, 91, 113, 152]",0.19,0.0,0.05,0.0,0.12,0.0,0.64,,,,,,,,,,,,,,,,,,,,,,,,
19,"[689, 78, 119, 151]",0.09,0.0,0.0,0.01,0.05,0.0,0.85,,,,,,,,,,,,,,,,,,,,,,,,
20,"[632, 110, 98, 122]",0.23,0.0,0.12,0.02,0.28,0.0,0.36,,,,,,,,,,,,,,,,,,,,,,,,
21,"[570, 107, 95, 121]",0.23,0.0,0.01,0.01,0.1,0.0,0.65,"[1122, 189, 87, 102]",0.11,0.0,0.01,0.72,0.02,0.0,0.13,,,,,,,,,,,,,,,,
22,"[994, 182, 84, 105]",0.33,0.0,0.01,0.15,0.16,0.0,0.35,"[484, 111, 89, 109]",0.12,0.0,0.01,0.01,0.13,0.0,0.74,,,,,,,,,,,,,,,,
23,"[869, 183, 86, 101]",0.56,0.0,0.12,0.06,0.12,0.01,0.13,"[365, 116, 86, 110]",0.07,0.0,0.02,0.0,0.11,0.0,0.79,,,,,,,,,,,,,,,,
24,"[804, 177, 82, 91]",0.11,0.0,0.25,0.03,0.53,0.0,0.07,"[320, 121, 78, 111]",0.06,0.0,0.02,0.01,0.08,0.0,0.83,,,,,,,,,,,,,,,,
25,"[807, 87, 77, 100]",0.15,0.0,0.16,0.16,0.2,0.01,0.32,"[313, 34, 85, 106]",0.1,0.0,0.01,0.08,0.08,0.0,0.71,,,,,,,,,,,,,,,,
26,"[810, 110, 82, 102]",0.03,0.0,0.04,0.62,0.04,0.01,0.26,"[303, 62, 78, 101]",0.05,0.0,0.01,0.01,0.08,0.0,0.85,,,,,,,,,,,,,,,,
27,"[816, 144, 84, 105]",0.55,0.0,0.06,0.21,0.03,0.03,0.11,"[308, 87, 87, 112]",0.15,0.0,0.01,0.0,0.13,0.0,0.7,,,,,,,,,,,,,,,,
28,"[308, 128, 86, 109]",0.4,0.0,0.01,0.05,0.07,0.0,0.45,"[811, 188, 81, 97]",0.48,0.0,0.07,0.02,0.14,0.01,0.29,,,,,,,,,,,,,,,,
29,"[313, 117, 88, 111]",0.14,0.0,0.0,0.02,0.04,0.0,0.8,"[805, 179, 81, 95]",0.06,0.0,0.05,0.52,0.12,0.01,0.23,,,,,,,,,,,,,,,,
30,"[816, 174, 77, 95]",0.13,0.0,0.06,0.07,0.25,0.0,0.49,"[326, 124, 79, 110]",0.34,0.0,0.04,0.01,0.12,0.0,0.49,,,,,,,,,,,,,,,,
31,"[858, 171, 80, 99]",0.18,0.0,0.03,0.01,0.45,0.0,0.34,"[337, 118, 79, 108]",0.05,0.0,0.01,0.02,0.1,0.0,0.82,,,,,,,,,,,,,,,,
32,"[854, 195, 77, 97]",0.4,0.01,0.05,0.01,0.45,0.0,0.08,"[334, 122, 79, 107]",0.05,0.0,0.01,0.22,0.04,0.0,0.69,,,,,,,,,,,,,,,,
33,"[338, 116, 82, 108]",0.03,0.0,0.0,0.69,0.02,0.0,0.26,"[845, 163, 85, 101]",0.51,0.0,0.12,0.11,0.16,0.02,0.08,,,,,,,,,,,,,,,,
34,"[337, 110, 83, 113]",0.09,0.0,0.0,0.85,0.01,0.0,0.04,"[827, 176, 85, 97]",0.16,0.0,0.05,0.03,0.24,0.0,0.52,"[278, 600, 22, 21]",0.06,0.13,0.14,0.42,0.11,0.0,0.14,,,,,,,,
35,"[831, 168, 84, 100]",0.28,0.0,0.05,0.07,0.47,0.0,0.13,"[334, 106, 85, 117]",0.01,0.0,0.0,0.88,0.01,0.0,0.1,,,,,,,,,,,,,,,,
36,"[845, 171, 82, 96]",0.29,0.0,0.06,0.01,0.48,0.0,0.15,"[334, 119, 79, 107]",0.07,0.0,0.01,0.08,0.08,0.0,0.77,,,,,,,,,,,,,,,,
37,"[340, 119, 75, 103]",0.02,0.0,0.01,0.77,0.03,0.0,0.16,"[832, 174, 87, 100]",0.15,0.0,0.06,0.02,0.72,0.0,0.05,,,,,,,,,,,,,,,,
38,"[341, 109, 82, 110]",0.0,0.0,0.0,0.9,0.01,0.0,0.08,"[849, 172, 82, 106]",0.5,0.0,0.07,0.01,0.07,0.0,0.34,,,,,,,,,,,,,,,,
39,"[331, 114, 78, 106]",0.01,0.0,0.0,0.62,0.02,0.0,0.36,"[845, 164, 81, 105]",0.07,0.0,0.6,0.01,0.22,0.02,0.08,,,,,,,,,,,,,,,,
40,"[323, 115, 82, 108]",0.06,0.0,0.0,0.61,0.03,0.0,0.3,"[857, 175, 80, 100]",0.45,0.0,0.01,0.08,0.04,0.0,0.42,,,,,,,,,,,,,,,,
41,"[328, 116, 77, 104]",0.04,0.0,0.01,0.35,0.05,0.0,0.54,"[863, 174, 79, 103]",0.35,0.0,0.14,0.15,0.08,0.02,0.26,,,,,,,,,,,,,,,,
42,"[875, 179, 81, 101]",0.44,0.0,0.07,0.06,0.2,0.0,0.23,"[331, 112, 80, 111]",0.07,0.0,0.01,0.57,0.02,0.0,0.32,,,,,,,,,,,,,,,,
43,"[897, 180, 79, 101]",0.21,0.0,0.01,0.51,0.02,0.0,0.24,"[320, 115, 83, 117]",0.04,0.0,0.01,0.01,0.09,0.0,0.85,"[281, 603, 20, 20]",0.08,0.01,0.06,0.76,0.04,0.0,0.06,,,,,,,,
44,"[840, 170, 84, 97]",0.34,0.0,0.38,0.01,0.21,0.03,0.03,"[333, 113, 77, 105]",0.04,0.0,0.0,0.42,0.02,0.0,0.52,,,,,,,,,,,,,,,,
45,"[844, 173, 75, 94]",0.17,0.0,0.11,0.15,0.33,0.0,0.24,"[326, 131, 76, 103]",0.4,0.0,0.16,0.01,0.19,0.01,0.23,,,,,,,,,,,,,,,,
46,"[337, 122, 85, 110]",0.12,0.0,0.01,0.0,0.04,0.0,0.84,"[878, 176, 82, 108]",0.14,0.0,0.07,0.0,0.18,0.0,0.6,,,,,,,,,,,,,,,,
47,"[892, 178, 82, 100]",0.25,0.0,0.1,0.07,0.13,0.0,0.43,"[331, 121, 82, 111]",0.31,0.0,0.01,0.07,0.13,0.0,0.48,"[281, 604, 24, 23]",0.06,0.02,0.14,0.41,0.14,0.01,0.23,,,,,,,,
48,"[848, 177, 82, 96]",0.08,0.0,0.04,0.34,0.06,0.01,0.47,"[345, 115, 83, 110]",0.04,0.0,0.0,0.05,0.02,0.0,0.89,,,,,,,,,,,,,,,,
49,"[848, 172, 80, 98]",0.14,0.0,0.04,0.59,0.05,0.0,0.19,"[343, 115, 80, 108]",0.14,0.0,0.01,0.19,0.04,0.0,0.62,,,,,,,,,,,,,,,,
50,"[849, 177, 79, 90]",0.56,0.0,0.03,0.02,0.29,0.0,0.09,"[343, 107, 78, 114]",0.01,0.0,0.0,0.61,0.01,0.0,0.38,"[282, 604, 23, 24]",0.05,0.29,0.05,0.16,0.21,0.01,0.24,,,,,,,,
51,"[840, 166, 84, 108]",0.83,0.0,0.01,0.12,0.03,0.0,0.01,"[346, 114, 76, 108]",0.11,0.0,0.02,0.09,0.09,0.0,0.7,,,,,,,,,,,,,,,,
52,"[871, 183, 78, 95]",0.44,0.0,0.23,0.06,0.23,0.03,0.02,"[346, 115, 82, 107]",0.0,0.0,0.0,0.97,0.0,0.0,0.02,,,,,,,,,,,,,,,,
53,"[345, 114, 74, 104]",0.02,0.0,0.0,0.15,0.06,0.0,0.77,"[851, 177, 83, 98]",0.33,0.0,0.2,0.06,0.24,0.0,0.17,,,,,,,,,,,,,,,,
54,"[342, 119, 75, 100]",0.07,0.0,0.01,0.21,0.09,0.0,0.62,"[810, 172, 84, 101]",0.5,0.0,0.06,0.3,0.05,0.0,0.09,,,,,,,,,,,,,,,,
55,"[823, 175, 79, 101]",0.32,0.0,0.02,0.31,0.09,0.0,0.26,"[343, 112, 81, 111]",0.03,0.0,0.01,0.46,0.11,0.0,0.39,"[284, 602, 25, 25]",0.09,0.19,0.03,0.11,0.12,0.0,0.46,,,,,,,,
56,"[342, 112, 85, 107]",0.06,0.0,0.0,0.15,0.05,0.0,0.75,"[834, 178, 80, 98]",0.58,0.0,0.02,0.13,0.07,0.0,0.2,,,,,,,,,,,,,,,,
57,"[344, 119, 74, 109]",0.19,0.0,0.02,0.01,0.13,0.0,0.66,"[847, 177, 82, 101]",0.35,0.0,0.03,0.01,0.57,0.0,0.05,,,,,,,,,,,,,,,,
58,"[851, 176, 84, 101]",0.28,0.0,0.01,0.01,0.48,0.0,0.22,"[353, 117, 83, 110]",0.1,0.0,0.03,0.06,0.1,0.0,0.71,"[286, 603, 23, 24]",0.05,0.02,0.02,0.1,0.22,0.0,0.59,,,,,,,,
59,"[350, 117, 83, 109]",0.05,0.0,0.01,0.05,0.06,0.0,0.84,"[858, 176, 82, 107]",0.33,0.0,0.03,0.22,0.1,0.0,0.32,,,,,,,,,,,,,,,,
60,"[872, 175, 80, 103]",0.54,0.0,0.12,0.01,0.21,0.01,0.11,"[335, 122, 78, 110]",0.24,0.0,0.04,0.02,0.25,0.0,0.45,"[287, 604, 20, 20]",0.04,0.0,0.06,0.68,0.03,0.0,0.19,,,,,,,,
61,"[885, 177, 82, 100]",0.23,0.0,0.12,0.19,0.15,0.0,0.3,"[352, 115, 82, 107]",0.02,0.0,0.0,0.56,0.04,0.0,0.38,,,,,,,,,,,,,,,,
62,"[846, 178, 82, 97]",0.27,0.0,0.02,0.41,0.04,0.01,0.26,"[347, 107, 81, 106]",0.19,0.0,0.01,0.03,0.07,0.0,0.7,,,,,,,,,,,,,,,,
63,"[864, 183, 78, 90]",0.66,0.0,0.02,0.0,0.26,0.0,0.06,"[343, 113, 81, 105]",0.06,0.0,0.01,0.01,0.06,0.0,0.87,,,,,,,,,,,,,,,,
64,"[884, 178, 85, 109]",0.42,0.0,0.01,0.22,0.06,0.0,0.28,"[344, 114, 77, 101]",0.09,0.0,0.01,0.13,0.07,0.0,0.7,,,,,,,,,,,,,,,,
65,"[853, 180, 82, 101]",0.09,0.0,0.02,0.61,0.03,0.0,0.25,"[344, 116, 74, 103]",0.02,0.0,0.0,0.51,0.02,0.0,0.45,,,,,,,,,,,,,,,,
66,"[833, 185, 76, 90]",0.05,0.0,0.06,0.01,0.84,0.01,0.04,"[344, 118, 73, 114]",0.29,0.0,0.04,0.03,0.07,0.01,0.56,,,,,,,,,,,,,,,,
67,"[350, 114, 77, 107]",0.13,0.0,0.04,0.03,0.17,0.01,0.62,"[812, 173, 77, 89]",0.15,0.0,0.11,0.01,0.68,0.0,0.06,"[286, 609, 21, 21]",0.02,0.04,0.04,0.62,0.05,0.0,0.23,,,,,,,,
68,"[355, 111, 77, 109]",0.19,0.0,0.03,0.04,0.1,0.0,0.64,"[857, 169, 79, 99]",0.1,0.0,0.01,0.01,0.36,0.0,0.52,,,,,,,,,,,,,,,,
69,"[352, 116, 77, 103]",0.11,0.0,0.02,0.13,0.07,0.0,0.68,"[893, 179, 81, 102]",0.27,0.0,0.05,0.15,0.12,0.0,0.4,,,,,,,,,,,,,,,,
70,"[354, 121, 76, 106]",0.01,0.0,0.0,0.07,0.01,0.0,0.9,"[851, 172, 89, 108]",0.25,0.0,0.09,0.29,0.12,0.01,0.24,,,,,,,,,,,,,,,,
71,"[847, 172, 84, 105]",0.52,0.0,0.04,0.14,0.09,0.01,0.21,"[352, 122, 74, 100]",0.04,0.0,0.02,0.09,0.08,0.0,0.77,,,,,,,,,,,,,,,,
72,"[855, 176, 79, 95]",0.55,0.0,0.03,0.0,0.35,0.0,0.07,"[354, 117, 78, 107]",0.08,0.0,0.02,0.26,0.06,0.0,0.57,"[293, 603, 19, 20]",0.08,0.01,0.07,0.73,0.04,0.0,0.07,,,,,,,,
73,"[353, 117, 77, 107]",0.08,0.0,0.01,0.09,0.05,0.0,0.77,"[861, 173, 78, 100]",0.76,0.0,0.12,0.0,0.08,0.01,0.02,,,,,,,,,,,,,,,,
74,"[860, 174, 83, 103]",0.27,0.0,0.06,0.53,0.08,0.0,0.06,"[357, 101, 75, 99]",0.17,0.0,0.01,0.05,0.21,0.0,0.56,,,,,,,,,,,,,,,,
75,"[884, 177, 80, 102]",0.09,0.0,0.01,0.88,0.01,0.0,0.02,"[350, 99, 81, 104]",0.09,0.0,0.08,0.0,0.43,0.0,0.39,,,,,,,,,,,,,,,,
76,"[873, 170, 80, 97]",0.01,0.0,0.0,0.93,0.0,0.01,0.05,"[346, 100, 80, 106]",0.19,0.0,0.11,0.0,0.3,0.0,0.38,,,,,,,,,,,,,,,,
77,"[853, 172, 82, 97]",0.24,0.0,0.01,0.62,0.04,0.0,0.1,"[339, 104, 80, 108]",0.07,0.0,0.02,0.01,0.24,0.0,0.67,,,,,,,,,,,,,,,,
78,"[332, 112, 85, 107]",0.04,0.0,0.02,0.0,0.09,0.0,0.85,"[838, 172, 78, 91]",0.77,0.0,0.1,0.11,0.01,0.0,0.0,,,,,,,,,,,,,,,,
79,"[862, 175, 79, 98]",0.15,0.0,0.05,0.35,0.15,0.0,0.29,"[338, 113, 79, 113]",0.07,0.0,0.01,0.01,0.05,0.0,0.86,,,,,,,,,,,,,,,,
80,"[345, 116, 77, 107]",0.05,0.0,0.04,0.01,0.15,0.0,0.74,"[898, 174, 80, 100]",0.19,0.0,0.09,0.29,0.16,0.01,0.25,,,,,,,,,,,,,,,,
81,"[879, 175, 77, 102]",0.78,0.0,0.2,0.0,0.01,0.01,0.0,"[337, 135, 72, 98]",0.15,0.0,0.04,0.02,0.23,0.0,0.56,,,,,,,,,,,,,,,,
82,"[347, 134, 72, 97]",0.35,0.0,0.08,0.0,0.32,0.0,0.25,"[815, 175, 84, 103]",0.29,0.0,0.02,0.32,0.13,0.0,0.23,,,,,,,,,,,,,,,,
83,"[853, 163, 85, 109]",0.13,0.0,0.09,0.08,0.09,0.07,0.53,"[350, 127, 71, 104]",0.6,0.0,0.03,0.01,0.12,0.0,0.23,,,,,,,,,,,,,,,,
84,"[878, 176, 80, 104]",0.11,0.0,0.06,0.34,0.02,0.02,0.45,"[344, 131, 73, 100]",0.54,0.0,0.05,0.0,0.24,0.0,0.16,,,,,,,,,,,,,,,,
85,"[856, 175, 82, 102]",0.05,0.0,0.02,0.71,0.06,0.02,0.14,"[346, 132, 69, 97]",0.41,0.0,0.04,0.01,0.39,0.0,0.14,,,,,,,,,,,,,,,,
86,"[341, 133, 72, 96]",0.16,0.0,0.06,0.0,0.5,0.0,0.28,"[833, 168, 82, 98]",0.29,0.0,0.33,0.02,0.29,0.0,0.07,,,,,,,,,,,,,,,,
87,"[839, 173, 82, 98]",0.13,0.0,0.11,0.1,0.12,0.24,0.3,"[349, 119, 85, 114]",0.21,0.0,0.02,0.0,0.25,0.0,0.52,,,,,,,,,,,,,,,,
88,"[882, 185, 77, 102]",0.28,0.0,0.04,0.0,0.11,0.01,0.56,"[333, 113, 87, 111]",0.09,0.0,0.02,0.0,0.14,0.0,0.75,,,,,,,,,,,,,,,,
89,"[322, 102, 85, 107]",0.21,0.0,0.02,0.02,0.08,0.0,0.66,"[861, 174, 82, 96]",0.13,0.0,0.32,0.02,0.35,0.02,0.16,,,,,,,,,,,,,,,,
90,"[324, 104, 86, 108]",0.11,0.0,0.08,0.0,0.3,0.0,0.5,"[840, 182, 81, 102]",0.22,0.0,0.29,0.04,0.08,0.24,0.13,,,,,,,,,,,,,,,,
91,"[853, 168, 82, 102]",0.13,0.0,0.08,0.02,0.46,0.0,0.31,"[335, 107, 84, 109]",0.03,0.0,0.01,0.0,0.07,0.0,0.88,,,,,,,,,,,,,,,,
92,"[347, 108, 79, 108]",0.13,0.0,0.01,0.01,0.09,0.0,0.76,"[867, 174, 76, 96]",0.71,0.0,0.15,0.02,0.06,0.03,0.03,,,,,,,,,,,,,,,,
93,"[352, 108, 83, 108]",0.17,0.0,0.02,0.0,0.14,0.0,0.67,"[886, 172, 75, 94]",0.49,0.0,0.1,0.01,0.34,0.0,0.07,,,,,,,,,,,,,,,,
94,"[894, 165, 79, 103]",0.12,0.0,0.03,0.0,0.71,0.01,0.13,"[330, 105, 87, 112]",0.2,0.0,0.04,0.0,0.25,0.0,0.51,,,,,,,,,,,,,,,,
95,"[879, 171, 83, 98]",0.57,0.0,0.17,0.17,0.03,0.01,0.05,"[316, 110, 81, 103]",0.12,0.0,0.01,0.0,0.06,0.0,0.81,,,,,,,,,,,,,,,,
96,"[362, 105, 80, 105]",0.21,0.0,0.04,0.0,0.13,0.0,0.61,"[858, 168, 80, 97]",0.13,0.0,0.02,0.32,0.19,0.0,0.34,"[299, 601, 22, 22]",0.04,0.01,0.08,0.59,0.03,0.0,0.26,,,,,,,,
97,"[352, 111, 83, 112]",0.56,0.0,0.01,0.01,0.07,0.0,0.34,"[825, 187, 86, 101]",0.39,0.0,0.13,0.03,0.4,0.0,0.05,,,,,,,,,,,,,,,,
98,"[338, 106, 84, 110]",0.46,0.0,0.01,0.0,0.12,0.0,0.41,"[853, 165, 81, 98]",0.09,0.0,0.07,0.01,0.63,0.0,0.2,,,,,,,,,,,,,,,,
99,"[338, 115, 83, 111]",0.71,0.0,0.01,0.01,0.1,0.0,0.17,"[844, 175, 77, 100]",0.58,0.0,0.1,0.3,0.0,0.01,0.0,,,,,,,,,,,,,,,,
100,"[849, 171, 76, 98]",0.27,0.0,0.28,0.15,0.15,0.01,0.14,"[337, 105, 84, 111]",0.17,0.0,0.0,0.02,0.06,0.0,0.75,,,,,,,,,,,,,,,,
101,"[850, 174, 76, 92]",0.27,0.0,0.06,0.01,0.57,0.0,0.1,"[351, 122, 75, 107]",0.49,0.0,0.03,0.03,0.14,0.0,0.3,,,,,,,,,,,,,,,,
102,"[832, 173, 80, 100]",0.46,0.0,0.25,0.1,0.13,0.01,0.05,"[340, 124, 73, 103]",0.51,0.0,0.06,0.01,0.14,0.01,0.27,,,,,,,,,,,,,,,,
103,"[812, 169, 85, 103]",0.36,0.0,0.02,0.08,0.08,0.0,0.46,"[326, 128, 71, 100]",0.29,0.0,0.15,0.0,0.21,0.01,0.34,,,,,,,,,,,,,,,,
104,"[832, 173, 80, 96]",0.17,0.0,0.07,0.03,0.59,0.0,0.15,"[319, 136, 71, 94]",0.17,0.0,0.1,0.0,0.22,0.01,0.5,,,,,,,,,,,,,,,,
105,"[324, 125, 80, 107]",0.3,0.0,0.02,0.02,0.13,0.0,0.53,"[834, 172, 86, 104]",0.17,0.0,0.07,0.05,0.34,0.0,0.37,,,,,,,,,,,,,,,,
106,"[294, 110, 84, 103]",0.15,0.0,0.01,0.0,0.19,0.0,0.64,"[851, 176, 83, 100]",0.27,0.0,0.01,0.58,0.03,0.0,0.1,,,,,,,,,,,,,,,,
107,"[284, 106, 87, 105]",0.18,0.0,0.01,0.0,0.07,0.0,0.73,"[841, 196, 79, 100]",0.09,0.0,0.04,0.4,0.07,0.01,0.4,,,,,,,,,,,,,,,,
108,"[305, 107, 89, 111]",0.06,0.0,0.01,0.01,0.04,0.0,0.89,"[839, 173, 80, 96]",0.19,0.0,0.08,0.22,0.14,0.0,0.37,,,,,,,,,,,,,,,,
109,"[833, 161, 84, 98]",0.33,0.0,0.1,0.04,0.42,0.0,0.1,"[307, 106, 82, 109]",0.06,0.0,0.01,0.01,0.13,0.0,0.79,,,,,,,,,,,,,,,,
110,"[842, 168, 82, 100]",0.13,0.0,0.17,0.26,0.27,0.03,0.15,"[316, 110, 85, 108]",0.04,0.0,0.01,0.0,0.11,0.0,0.84,,,,,,,,,,,,,,,,
111,"[841, 171, 78, 96]",0.03,0.0,0.01,0.79,0.02,0.0,0.15,"[322, 108, 84, 109]",0.1,0.0,0.01,0.01,0.05,0.0,0.83,,,,,,,,,,,,,,,,
112,"[846, 169, 80, 99]",0.03,0.0,0.01,0.69,0.01,0.0,0.25,"[329, 107, 80, 110]",0.12,0.0,0.01,0.01,0.08,0.0,0.78,,,,,,,,,,,,,,,,
113,"[328, 108, 82, 109]",0.03,0.0,0.01,0.0,0.09,0.0,0.87,"[842, 179, 81, 105]",0.18,0.0,0.01,0.47,0.03,0.0,0.31,,,,,,,,,,,,,,,,
114,"[835, 176, 82, 95]",0.36,0.0,0.01,0.05,0.5,0.0,0.09,"[318, 127, 74, 106]",0.41,0.0,0.05,0.01,0.32,0.01,0.2,,,,,,,,,,,,,,,,
115,"[318, 125, 75, 105]",0.36,0.0,0.09,0.0,0.17,0.01,0.37,"[843, 178, 77, 97]",0.22,0.0,0.01,0.15,0.42,0.0,0.2,,,,,,,,,,,,,,,,
116,"[831, 174, 77, 89]",0.12,0.0,0.11,0.23,0.18,0.01,0.34,"[319, 129, 77, 105]",0.18,0.0,0.04,0.01,0.23,0.0,0.54,,,,,,,,,,,,,,,,
117,"[325, 118, 78, 109]",0.65,0.0,0.04,0.0,0.08,0.01,0.22,"[801, 175, 80, 92]",0.23,0.0,0.16,0.07,0.38,0.01,0.16,,,,,,,,,,,,,,,,
118,"[338, 115, 79, 109]",0.05,0.0,0.03,0.0,0.16,0.0,0.75,"[838, 174, 76, 97]",0.34,0.0,0.37,0.1,0.08,0.0,0.1,,,,,,,,,,,,,,,,
119,"[332, 117, 77, 112]",0.35,0.0,0.03,0.01,0.07,0.02,0.52,"[859, 176, 78, 94]",0.15,0.0,0.07,0.11,0.27,0.0,0.41,,,,,,,,,,,,,,,,
120,"[851, 176, 80, 97]",0.33,0.0,0.02,0.4,0.14,0.0,0.09,"[330, 132, 71, 97]",0.58,0.0,0.11,0.0,0.19,0.01,0.11,,,,,,,,,,,,,,,,
121,"[835, 175, 81, 97]",0.64,0.0,0.01,0.33,0.01,0.0,0.01,"[330, 121, 72, 103]",0.23,0.0,0.2,0.01,0.27,0.01,0.27,,,,,,,,,,,,,,,,
122,"[340, 114, 78, 102]",0.24,0.0,0.06,0.0,0.29,0.0,0.4,"[833, 188, 77, 92]",0.04,0.0,0.01,0.88,0.01,0.02,0.04,"[278, 603, 20, 20]",0.15,0.0,0.06,0.67,0.02,0.0,0.09,,,,,,,,
123,"[850, 172, 80, 95]",0.37,0.01,0.11,0.2,0.17,0.04,0.1,"[340, 99, 87, 113]",0.07,0.0,0.05,0.03,0.22,0.0,0.64,,,,,,,,,,,,,,,,
124,"[337, 119, 80, 114]",0.51,0.0,0.1,0.01,0.09,0.1,0.19,"[831, 168, 78, 96]",0.05,0.0,0.01,0.73,0.08,0.0,0.12,,,,,,,,,,,,,,,,
125,"[848, 169, 79, 96]",0.16,0.0,0.01,0.46,0.04,0.01,0.32,"[333, 130, 71, 99]",0.4,0.0,0.05,0.01,0.27,0.02,0.26,,,,,,,,,,,,,,,,
126,"[833, 174, 81, 94]",0.21,0.0,0.05,0.58,0.06,0.0,0.1,"[328, 135, 71, 102]",0.49,0.0,0.04,0.01,0.16,0.03,0.27,,,,,,,,,,,,,,,,
127,"[822, 172, 79, 100]",0.5,0.0,0.12,0.2,0.07,0.01,0.11,"[323, 142, 69, 100]",0.31,0.01,0.02,0.03,0.41,0.01,0.21,"[187, 353, 20, 24]",0.38,0.0,0.09,0.09,0.22,0.01,0.2,,,,,,,,
128,"[826, 176, 84, 105]",0.02,0.0,0.0,0.38,0.01,0.0,0.58,"[340, 126, 83, 107]",0.06,0.0,0.02,0.01,0.18,0.0,0.73,,,,,,,,,,,,,,,,
129,"[335, 118, 85, 108]",0.14,0.0,0.03,0.01,0.22,0.0,0.6,"[844, 169, 81, 102]",0.26,0.0,0.02,0.38,0.07,0.0,0.27,,,,,,,,,,,,,,,,
130,"[338, 117, 84, 109]",0.05,0.0,0.01,0.1,0.05,0.0,0.79,"[848, 173, 80, 100]",0.43,0.0,0.04,0.3,0.1,0.0,0.13,,,,,,,,,,,,,,,,
131,"[340, 115, 86, 113]",0.14,0.0,0.03,0.01,0.09,0.0,0.72,"[844, 172, 82, 103]",0.59,0.0,0.01,0.27,0.03,0.0,0.11,,,,,,,,,,,,,,,,
132,"[309, 110, 85, 108]",0.06,0.0,0.04,0.0,0.11,0.0,0.79,"[827, 174, 80, 96]",0.03,0.0,0.0,0.82,0.01,0.0,0.14,,,,,,,,,,,,,,,,
133,"[822, 170, 83, 105]",0.03,0.0,0.02,0.87,0.05,0.01,0.03,"[325, 110, 83, 107]",0.12,0.0,0.02,0.0,0.16,0.0,0.7,,,,,,,,,,,,,,,,
134,"[835, 167, 80, 97]",0.1,0.0,0.04,0.24,0.35,0.01,0.27,"[346, 111, 85, 110]",0.09,0.0,0.02,0.0,0.11,0.0,0.78,"[276, 604, 21, 19]",0.03,0.59,0.05,0.22,0.05,0.0,0.06,,,,,,,,
135,"[334, 109, 85, 106]",0.07,0.0,0.01,0.0,0.06,0.0,0.85,"[831, 179, 77, 87]",0.18,0.0,0.01,0.35,0.18,0.0,0.27,,,,,,,,,,,,,,,,
136,"[326, 119, 74, 106]",0.09,0.0,0.04,0.0,0.17,0.0,0.69,"[822, 175, 83, 96]",0.28,0.0,0.0,0.49,0.06,0.0,0.17,,,,,,,,,,,,,,,,
137,"[835, 163, 79, 98]",0.39,0.02,0.21,0.05,0.28,0.01,0.04,"[335, 112, 84, 111]",0.08,0.0,0.02,0.02,0.08,0.0,0.81,,,,,,,,,,,,,,,,
138,"[836, 163, 78, 90]",0.03,0.0,0.18,0.59,0.08,0.01,0.12,"[302, 104, 86, 107]",0.32,0.0,0.02,0.0,0.16,0.0,0.51,,,,,,,,,,,,,,,,
139,"[320, 107, 91, 112]",0.18,0.0,0.02,0.0,0.12,0.0,0.67,"[834, 169, 73, 93]",0.31,0.0,0.06,0.16,0.25,0.0,0.22,,,,,,,,,,,,,,,,
140,"[320, 108, 84, 109]",0.02,0.0,0.0,0.0,0.02,0.0,0.95,,,,,,,,,,,,,,,,,,,,,,,,
141,"[877, 165, 84, 102]",0.28,0.0,0.09,0.09,0.08,0.01,0.45,"[308, 130, 73, 96]",0.2,0.0,0.07,0.0,0.37,0.01,0.35,,,,,,,,,,,,,,,,
142,"[320, 114, 89, 115]",0.2,0.0,0.03,0.0,0.14,0.0,0.63,"[829, 159, 80, 97]",0.32,0.0,0.02,0.07,0.33,0.0,0.25,,,,,,,,,,,,,,,,
143,"[834, 168, 80, 95]",0.15,0.0,0.07,0.3,0.21,0.0,0.27,"[325, 111, 83, 107]",0.1,0.0,0.01,0.0,0.06,0.0,0.83,,,,,,,,,,,,,,,,
144,"[832, 167, 79, 93]",0.22,0.0,0.08,0.06,0.57,0.0,0.06,"[324, 109, 85, 110]",0.08,0.0,0.01,0.0,0.09,0.0,0.82,"[279, 604, 16, 17]",0.06,0.0,0.16,0.54,0.14,0.0,0.1,,,,,,,,
145,"[835, 167, 78, 93]",0.21,0.0,0.07,0.06,0.55,0.0,0.11,"[325, 111, 85, 112]",0.06,0.0,0.01,0.01,0.09,0.0,0.84,,,,,,,,,,,,,,,,
146,"[330, 112, 83, 109]",0.06,0.0,0.01,0.0,0.15,0.0,0.78,"[823, 176, 81, 97]",0.01,0.0,0.0,0.96,0.01,0.0,0.02,,,,,,,,,,,,,,,,
147,"[832, 175, 79, 91]",0.26,0.0,0.14,0.25,0.21,0.0,0.14,"[339, 114, 79, 104]",0.15,0.0,0.02,0.0,0.18,0.0,0.65,,,,,,,,,,,,,,,,
148,"[341, 114, 83, 110]",0.03,0.0,0.01,0.0,0.06,0.0,0.9,"[828, 164, 82, 96]",0.22,0.0,0.39,0.15,0.1,0.06,0.08,,,,,,,,,,,,,,,,
149,"[337, 112, 83, 110]",0.1,0.0,0.01,0.0,0.09,0.0,0.79,"[833, 163, 84, 99]",0.03,0.0,0.74,0.02,0.16,0.02,0.04,,,,,,,,,,,,,,,,
150,"[331, 113, 83, 110]",0.02,0.0,0.01,0.0,0.07,0.0,0.9,"[845, 163, 77, 98]",0.33,0.0,0.07,0.5,0.03,0.02,0.05,,,,,,,,,,,,,,,,
151,"[318, 122, 72, 105]",0.52,0.0,0.08,0.0,0.15,0.01,0.24,"[867, 163, 77, 97]",0.11,0.0,0.0,0.68,0.02,0.0,0.19,,,,,,,,,,,,,,,,
152,"[830, 172, 78, 86]",0.18,0.0,0.05,0.02,0.72,0.0,0.03,"[330, 115, 80, 107]",0.03,0.0,0.01,0.0,0.11,0.0,0.85,,,,,,,,,,,,,,,,
153,"[320, 109, 84, 108]",0.1,0.0,0.02,0.01,0.12,0.0,0.76,"[823, 169, 82, 92]",0.15,0.0,0.08,0.0,0.74,0.0,0.04,,,,,,,,,,,,,,,,
154,"[313, 105, 85, 111]",0.24,0.0,0.03,0.0,0.37,0.0,0.36,"[824, 168, 81, 95]",0.21,0.0,0.04,0.03,0.57,0.0,0.15,,,,,,,,,,,,,,,,
155,"[315, 105, 88, 109]",0.1,0.0,0.01,0.0,0.15,0.0,0.74,"[839, 173, 75, 86]",0.03,0.0,0.03,0.04,0.88,0.0,0.02,,,,,,,,,,,,,,,,
156,"[320, 110, 84, 112]",0.25,0.0,0.04,0.02,0.36,0.01,0.31,"[844, 162, 73, 91]",0.55,0.0,0.02,0.42,0.0,0.0,0.01,,,,,,,,,,,,,,,,
157,"[838, 172, 78, 93]",0.07,0.0,0.16,0.38,0.21,0.01,0.18,"[309, 107, 79, 112]",0.02,0.0,0.0,0.0,0.16,0.0,0.82,,,,,,,,,,,,,,,,
158,"[321, 108, 84, 112]",0.11,0.0,0.01,0.0,0.15,0.0,0.74,"[824, 174, 86, 104]",0.86,0.0,0.09,0.0,0.04,0.0,0.01,,,,,,,,,,,,,,,,
159,"[327, 113, 80, 104]",0.11,0.0,0.02,0.0,0.17,0.0,0.7,"[824, 167, 79, 100]",0.79,0.0,0.12,0.04,0.04,0.0,0.01,,,,,,,,,,,,,,,,
160,"[840, 170, 77, 95]",0.12,0.0,0.01,0.71,0.01,0.01,0.14,"[325, 112, 81, 109]",0.08,0.0,0.01,0.0,0.14,0.0,0.77,,,,,,,,,,,,,,,,
161,"[329, 112, 82, 108]",0.25,0.0,0.02,0.0,0.28,0.0,0.44,"[833, 174, 78, 92]",0.17,0.0,0.05,0.05,0.62,0.0,0.11,,,,,,,,,,,,,,,,
162,"[332, 115, 87, 113]",0.38,0.0,0.02,0.0,0.2,0.0,0.39,"[826, 176, 82, 91]",0.36,0.0,0.06,0.05,0.52,0.0,0.02,"[278, 604, 20, 19]",0.07,0.11,0.03,0.66,0.04,0.0,0.1,,,,,,,,
163,"[329, 108, 84, 110]",0.28,0.0,0.01,0.01,0.14,0.0,0.55,"[853, 166, 82, 101]",0.32,0.0,0.08,0.07,0.4,0.0,0.13,,,,,,,,,,,,,,,,
164,"[328, 104, 87, 108]",0.26,0.0,0.01,0.0,0.16,0.0,0.56,"[837, 173, 85, 101]",0.61,0.0,0.06,0.21,0.09,0.01,0.03,,,,,,,,,,,,,,,,
165,"[323, 104, 84, 100]",0.14,0.0,0.07,0.0,0.33,0.0,0.45,"[817, 168, 80, 97]",0.31,0.0,0.26,0.04,0.27,0.0,0.12,,,,,,,,,,,,,,,,
166,"[828, 173, 83, 104]",0.06,0.0,0.07,0.24,0.19,0.0,0.43,"[327, 104, 82, 108]",0.05,0.0,0.03,0.01,0.12,0.0,0.79,,,,,,,,,,,,,,,,
167,"[847, 175, 83, 103]",0.09,0.0,0.16,0.02,0.41,0.0,0.33,"[329, 105, 87, 116]",0.17,0.0,0.02,0.01,0.06,0.04,0.69,,,,,,,,,,,,,,,,
168,"[850, 174, 82, 102]",0.09,0.0,0.04,0.79,0.06,0.01,0.01,"[323, 130, 74, 106]",0.22,0.0,0.03,0.01,0.19,0.01,0.54,,,,,,,,,,,,,,,,
169,"[332, 130, 77, 109]",0.3,0.0,0.06,0.03,0.25,0.19,0.16,"[831, 166, 83, 96]",0.12,0.0,0.19,0.07,0.52,0.03,0.07,"[188, 353, 19, 22]",0.25,0.0,0.08,0.04,0.43,0.01,0.19,,,,,,,,
170,"[343, 103, 82, 101]",0.26,0.0,0.02,0.01,0.16,0.0,0.53,"[821, 175, 82, 97]",0.82,0.0,0.03,0.1,0.03,0.0,0.01,"[187, 353, 21, 23]",0.31,0.0,0.11,0.07,0.34,0.02,0.16,,,,,,,,
171,"[831, 172, 79, 97]",0.17,0.0,0.15,0.09,0.4,0.01,0.18,"[328, 101, 82, 104]",0.3,0.0,0.01,0.01,0.09,0.0,0.59,,,,,,,,,,,,,,,,
172,"[831, 173, 82, 101]",0.31,0.0,0.06,0.27,0.25,0.0,0.1,"[324, 104, 85, 110]",0.06,0.0,0.03,0.0,0.05,0.01,0.85,,,,,,,,,,,,,,,,
173,"[831, 164, 79, 97]",0.31,0.0,0.01,0.56,0.04,0.0,0.08,"[319, 105, 90, 111]",0.1,0.0,0.01,0.0,0.09,0.0,0.79,,,,,,,,,,,,,,,,
174,"[830, 169, 85, 103]",0.22,0.0,0.11,0.4,0.11,0.01,0.15,"[326, 106, 79, 106]",0.06,0.0,0.01,0.0,0.1,0.0,0.83,,,,,,,,,,,,,,,,
175,"[822, 169, 83, 98]",0.52,0.0,0.28,0.04,0.12,0.0,0.05,"[334, 111, 80, 109]",0.1,0.0,0.01,0.01,0.14,0.0,0.74,"[275, 600, 28, 27]",0.02,0.58,0.07,0.02,0.05,0.0,0.26,,,,,,,,
176,"[818, 174, 75, 94]",0.08,0.0,0.05,0.67,0.03,0.0,0.18,"[338, 109, 82, 108]",0.04,0.0,0.01,0.01,0.2,0.0,0.73,"[186, 352, 22, 24]",0.11,0.0,0.06,0.06,0.67,0.01,0.09,,,,,,,,
177,"[333, 111, 74, 115]",0.34,0.0,0.02,0.05,0.09,0.0,0.51,"[186, 352, 22, 24]",0.15,0.0,0.06,0.05,0.63,0.01,0.11,,,,,,,,,,,,,,,,
178,"[830, 171, 78, 95]",0.22,0.0,0.04,0.28,0.15,0.0,0.31,"[339, 110, 78, 105]",0.23,0.0,0.01,0.02,0.18,0.0,0.56,,,,,,,,,,,,,,,,
179,"[337, 108, 81, 106]",0.04,0.0,0.01,0.0,0.14,0.0,0.81,"[857, 169, 78, 95]",0.44,0.0,0.04,0.01,0.42,0.0,0.08,,,,,,,,,,,,,,,,
180,"[328, 114, 83, 109]",0.05,0.0,0.0,0.0,0.03,0.0,0.92,"[822, 173, 79, 94]",0.24,0.0,0.05,0.19,0.24,0.0,0.29,,,,,,,,,,,,,,,,
181,"[322, 106, 83, 109]",0.2,0.0,0.01,0.01,0.1,0.0,0.69,"[819, 173, 76, 90]",0.06,0.0,0.01,0.77,0.06,0.0,0.1,,,,,,,,,,,,,,,,
182,"[313, 109, 86, 107]",0.12,0.0,0.01,0.0,0.1,0.0,0.76,"[844, 173, 78, 91]",0.08,0.0,0.06,0.0,0.78,0.0,0.07,,,,,,,,,,,,,,,,
183,"[303, 105, 81, 109]",0.21,0.0,0.02,0.0,0.17,0.0,0.6,"[846, 164, 82, 101]",0.32,0.0,0.07,0.05,0.3,0.0,0.26,,,,,,,,,,,,,,,,
184,"[810, 164, 84, 101]",0.06,0.0,0.13,0.02,0.06,0.7,0.04,"[314, 107, 82, 109]",0.09,0.0,0.02,0.0,0.06,0.0,0.82,,,,,,,,,,,,,,,,
185,"[331, 100, 78, 105]",0.08,0.0,0.01,0.01,0.08,0.0,0.82,"[842, 165, 84, 110]",0.25,0.0,0.03,0.01,0.21,0.01,0.49,,,,,,,,,,,,,,,,
186,"[816, 177, 82, 96]",0.64,0.0,0.04,0.15,0.09,0.01,0.07,"[335, 100, 79, 108]",0.08,0.0,0.01,0.01,0.2,0.0,0.7,,,,,,,,,,,,,,,,
187,"[827, 171, 79, 93]",0.23,0.0,0.04,0.0,0.72,0.0,0.02,"[335, 100, 84, 109]",0.13,0.0,0.0,0.01,0.04,0.0,0.81,"[187, 353, 20, 25]",0.2,0.0,0.2,0.02,0.45,0.02,0.11,,,,,,,,
188,"[843, 163, 78, 94]",0.11,0.0,0.12,0.49,0.17,0.0,0.11,"[325, 106, 82, 109]",0.12,0.0,0.02,0.01,0.09,0.0,0.77,,,,,,,,,,,,,,,,
189,"[322, 110, 82, 108]",0.09,0.0,0.01,0.0,0.13,0.0,0.77,"[867, 173, 72, 89]",0.15,0.0,0.33,0.03,0.46,0.01,0.02,,,,,,,,,,,,,,,,
190,"[841, 177, 82, 97]",0.27,0.0,0.05,0.02,0.5,0.0,0.16,"[314, 105, 87, 114]",0.47,0.0,0.01,0.0,0.09,0.0,0.43,,,,,,,,,,,,,,,,
191,"[315, 106, 84, 111]",0.17,0.0,0.01,0.02,0.11,0.0,0.68,"[821, 196, 72, 88]",0.06,0.0,0.03,0.57,0.27,0.01,0.06,,,,,,,,,,,,,,,,
192,"[338, 111, 77, 101]",0.17,0.0,0.01,0.08,0.14,0.0,0.61,"[846, 177, 77, 96]",0.05,0.0,0.0,0.88,0.01,0.0,0.06,,,,,,,,,,,,,,,,
193,"[847, 173, 78, 97]",0.02,0.0,0.0,0.92,0.01,0.0,0.06,"[328, 109, 85, 112]",0.21,0.0,0.02,0.01,0.1,0.0,0.66,"[967, 352, 75, 94]",0.49,0.01,0.02,0.14,0.19,0.09,0.07,,,,,,,,
194,"[834, 165, 80, 99]",0.12,0.0,0.02,0.21,0.19,0.0,0.45,"[322, 112, 82, 105]",0.06,0.0,0.01,0.0,0.09,0.0,0.84,,,,,,,,,,,,,,,,
195,"[834, 164, 79, 90]",0.16,0.0,0.07,0.14,0.53,0.0,0.1,"[323, 110, 83, 110]",0.05,0.0,0.02,0.0,0.16,0.0,0.77,,,,,,,,,,,,,,,,
196,"[840, 160, 77, 93]",0.23,0.0,0.05,0.09,0.32,0.0,0.31,"[320, 111, 80, 108]",0.02,0.0,0.01,0.0,0.12,0.0,0.85,,,,,,,,,,,,,,,,
197,"[323, 110, 80, 115]",0.15,0.0,0.03,0.06,0.14,0.0,0.62,,,,,,,,,,,,,,,,,,,,,,,,
198,"[820, 173, 83, 103]",0.75,0.0,0.11,0.05,0.04,0.01,0.04,"[323, 112, 79, 113]",0.02,0.0,0.0,0.32,0.03,0.0,0.62,,,,,,,,,,,,,,,,
199,"[815, 173, 79, 100]",0.65,0.0,0.19,0.13,0.01,0.01,0.0,"[324, 109, 82, 108]",0.07,0.0,0.01,0.06,0.06,0.0,0.8,,,,,,,,,,,,,,,,
200,"[809, 174, 81, 98]",0.77,0.0,0.17,0.0,0.06,0.0,0.0,"[319, 113, 83, 107]",0.07,0.0,0.01,0.0,0.11,0.0,0.81,,,,,,,,,,,,,,,,
201,"[322, 106, 85, 111]",0.11,0.0,0.02,0.0,0.11,0.0,0.77,"[816, 164, 80, 100]",0.7,0.0,0.11,0.04,0.1,0.01,0.04,"[277, 601, 25, 24]",0.14,0.17,0.08,0.12,0.21,0.0,0.27,"[187, 353, 21, 24]",0.29,0.0,0.04,0.18,0.23,0.01,0.25
202,"[320, 112, 82, 107]",0.08,0.0,0.01,0.01,0.08,0.0,0.83,"[850, 169, 79, 96]",0.18,0.0,0.25,0.18,0.24,0.12,0.02,,,,,,,,,,,,,,,,
203,"[315, 109, 85, 108]",0.08,0.0,0.02,0.0,0.14,0.0,0.76,"[851, 178, 76, 90]",0.53,0.0,0.09,0.2,0.08,0.01,0.09,,,,,,,,,,,,,,,,
204,"[321, 108, 80, 105]",0.04,0.0,0.01,0.0,0.07,0.0,0.88,"[826, 173, 78, 90]",0.8,0.0,0.09,0.05,0.05,0.0,0.01,,,,,,,,,,,,,,,,
205,"[824, 175, 80, 97]",0.11,0.0,0.01,0.75,0.04,0.0,0.1,"[321, 108, 85, 107]",0.13,0.0,0.01,0.0,0.15,0.0,0.72,"[186, 353, 22, 25]",0.3,0.0,0.1,0.37,0.1,0.01,0.11,,,,,,,,
206,"[326, 112, 79, 108]",0.1,0.0,0.01,0.01,0.09,0.0,0.79,"[837, 179, 76, 91]",0.48,0.0,0.04,0.05,0.38,0.01,0.04,,,,,,,,,,,,,,,,
207,"[834, 169, 82, 98]",0.19,0.0,0.09,0.01,0.65,0.0,0.05,"[334, 111, 86, 114]",0.2,0.0,0.03,0.06,0.12,0.01,0.58,"[187, 354, 19, 21]",0.22,0.0,0.17,0.07,0.4,0.01,0.14,,,,,,,,
208,"[330, 105, 89, 111]",0.05,0.0,0.01,0.0,0.05,0.0,0.88,"[841, 168, 81, 104]",0.69,0.0,0.06,0.03,0.09,0.01,0.11,,,,,,,,,,,,,,,,
209,"[331, 108, 88, 113]",0.07,0.0,0.01,0.01,0.08,0.0,0.83,"[838, 171, 85, 103]",0.3,0.0,0.17,0.2,0.16,0.01,0.16,,,,,,,,,,,,,,,,
210,"[330, 110, 88, 110]",0.09,0.0,0.02,0.01,0.08,0.0,0.79,"[834, 170, 77, 96]",0.27,0.0,0.24,0.0,0.43,0.01,0.05,,,,,,,,,,,,,,,,
211,"[329, 108, 86, 112]",0.04,0.0,0.01,0.01,0.05,0.0,0.89,"[837, 167, 71, 88]",0.02,0.0,0.67,0.0,0.27,0.0,0.03,,,,,,,,,,,,,,,,
212,"[854, 167, 80, 98]",0.3,0.0,0.02,0.03,0.11,0.0,0.54,"[334, 105, 84, 109]",0.06,0.0,0.02,0.01,0.17,0.0,0.75,,,,,,,,,,,,,,,,
213,"[321, 109, 85, 108]",0.08,0.0,0.02,0.0,0.31,0.0,0.59,"[824, 177, 78, 90]",0.31,0.0,0.02,0.01,0.61,0.0,0.05,,,,,,,,,,,,,,,,
214,"[800, 163, 79, 99]",0.4,0.02,0.17,0.01,0.38,0.01,0.02,"[328, 108, 85, 110]",0.15,0.0,0.02,0.03,0.22,0.01,0.58,,,,,,,,,,,,,,,,
215,"[322, 109, 87, 113]",0.06,0.0,0.01,0.01,0.1,0.0,0.82,"[275, 602, 25, 24]",0.07,0.05,0.06,0.29,0.14,0.0,0.39,,,,,,,,,,,,,,,,
216,"[320, 107, 79, 104]",0.09,0.0,0.01,0.0,0.15,0.0,0.75,"[861, 167, 83, 104]",0.16,0.0,0.07,0.09,0.33,0.0,0.35,,,,,,,,,,,,,,,,
217,"[859, 172, 79, 94]",0.08,0.0,0.09,0.02,0.61,0.0,0.2,"[323, 104, 82, 108]",0.09,0.0,0.02,0.0,0.16,0.0,0.73,"[276, 603, 23, 22]",0.08,0.05,0.1,0.19,0.18,0.0,0.4,,,,,,,,
218,"[823, 168, 81, 90]",0.32,0.0,0.13,0.03,0.3,0.0,0.21,"[318, 106, 83, 109]",0.19,0.0,0.01,0.0,0.15,0.0,0.64,,,,,,,,,,,,,,,,
219,"[325, 106, 82, 111]",0.11,0.0,0.03,0.02,0.14,0.01,0.7,"[802, 172, 80, 96]",0.68,0.0,0.05,0.02,0.21,0.0,0.03,"[184, 353, 20, 23]",0.32,0.0,0.08,0.06,0.23,0.01,0.29,,,,,,,,
220,"[319, 109, 81, 107]",0.03,0.0,0.01,0.0,0.05,0.0,0.91,"[826, 174, 77, 98]",0.64,0.0,0.09,0.05,0.1,0.01,0.1,"[186, 353, 20, 22]",0.09,0.0,0.05,0.03,0.61,0.0,0.21,,,,,,,,
221,"[841, 163, 82, 101]",0.04,0.0,0.0,0.82,0.04,0.0,0.1,"[327, 117, 73, 104]",0.1,0.0,0.03,0.07,0.1,0.0,0.7,"[184, 353, 21, 22]",0.14,0.0,0.07,0.02,0.65,0.01,0.12,,,,,,,,
222,"[879, 162, 80, 97]",0.41,0.0,0.04,0.06,0.24,0.0,0.25,"[331, 119, 74, 111]",0.5,0.0,0.04,0.04,0.07,0.04,0.31,"[184, 352, 21, 25]",0.18,0.0,0.04,0.22,0.29,0.03,0.23,"[392, 155, 42, 47]",0.03,0.0,0.24,0.22,0.06,0.35,0.09
223,"[844, 170, 84, 100]",0.28,0.0,0.09,0.12,0.18,0.0,0.33,"[335, 119, 80, 112]",0.07,0.0,0.01,0.01,0.12,0.0,0.78,,,,,,,,,,,,,,,,
224,"[829, 172, 77, 95]",0.59,0.0,0.15,0.03,0.18,0.0,0.05,"[339, 108, 83, 111]",0.07,0.0,0.0,0.0,0.19,0.0,0.73,,,,,,,,,,,,,,,,
225,"[834, 172, 80, 96]",0.06,0.0,0.02,0.85,0.01,0.01,0.04,"[336, 108, 86, 113]",0.04,0.0,0.0,0.01,0.11,0.0,0.84,"[184, 353, 22, 24]",0.47,0.0,0.08,0.14,0.2,0.01,0.1,,,,,,,,
226,"[829, 171, 83, 99]",0.15,0.0,0.04,0.64,0.04,0.0,0.12,"[333, 108, 83, 110]",0.1,0.0,0.02,0.02,0.18,0.0,0.68,,,,,,,,,,,,,,,,
227,"[840, 173, 79, 97]",0.28,0.0,0.06,0.29,0.1,0.0,0.27,"[328, 113, 78, 107]",0.05,0.0,0.04,0.02,0.26,0.0,0.62,,,,,,,,,,,,,,,,
228,"[843, 165, 80, 98]",0.12,0.0,0.06,0.13,0.15,0.0,0.54,"[325, 110, 81, 111]",0.14,0.0,0.02,0.02,0.17,0.0,0.65,,,,,,,,,,,,,,,,
229,"[843, 165, 80, 103]",0.34,0.0,0.04,0.46,0.08,0.01,0.07,"[332, 109, 80, 108]",0.1,0.0,0.01,0.01,0.11,0.0,0.78,,,,,,,,,,,,,,,,
230,"[804, 169, 82, 103]",0.16,0.0,0.03,0.07,0.11,0.0,0.64,"[337, 107, 81, 108]",0.22,0.0,0.01,0.0,0.07,0.0,0.69,"[280, 603, 23, 20]",0.05,0.09,0.03,0.38,0.16,0.0,0.3,,,,,,,,
231,"[810, 162, 81, 100]",0.17,0.0,0.03,0.29,0.16,0.0,0.34,"[337, 107, 85, 112]",0.07,0.0,0.01,0.0,0.1,0.0,0.82,,,,,,,,,,,,,,,,
232,"[845, 178, 73, 87]",0.14,0.0,0.3,0.06,0.41,0.04,0.04,"[321, 109, 79, 108]",0.07,0.0,0.01,0.01,0.13,0.0,0.78,,,,,,,,,,,,,,,,
233,"[320, 105, 87, 110]",0.1,0.0,0.01,0.0,0.09,0.0,0.8,"[829, 182, 79, 95]",0.63,0.0,0.31,0.01,0.03,0.01,0.0,,,,,,,,,,,,,,,,
234,"[844, 178, 73, 87]",0.23,0.0,0.03,0.24,0.3,0.0,0.2,"[328, 105, 90, 117]",0.18,0.0,0.01,0.0,0.21,0.0,0.59,,,,,,,,,,,,,,,,
235,"[847, 178, 80, 94]",0.33,0.0,0.05,0.05,0.49,0.0,0.08,"[334, 111, 85, 108]",0.22,0.0,0.02,0.0,0.14,0.0,0.61,,,,,,,,,,,,,,,,
236,"[331, 110, 86, 112]",0.38,0.0,0.02,0.01,0.13,0.0,0.45,"[838, 182, 82, 94]",0.37,0.0,0.03,0.01,0.54,0.0,0.05,,,,,,,,,,,,,,,,
237,"[328, 110, 83, 111]",0.07,0.0,0.0,0.01,0.06,0.0,0.86,"[856, 166, 77, 103]",0.29,0.0,0.06,0.04,0.3,0.0,0.31,,,,,,,,,,,,,,,,
238,"[327, 113, 80, 110]",0.03,0.0,0.01,0.0,0.1,0.0,0.86,"[845, 173, 78, 99]",0.23,0.0,0.01,0.12,0.09,0.0,0.56,"[276, 603, 23, 23]",0.11,0.08,0.1,0.24,0.24,0.0,0.23,,,,,,,,
239,"[323, 108, 86, 109]",0.21,0.0,0.01,0.0,0.1,0.0,0.67,"[860, 157, 76, 100]",0.33,0.0,0.14,0.02,0.45,0.0,0.06,,,,,,,,,,,,,,,,
240,"[312, 109, 92, 114]",0.14,0.0,0.02,0.01,0.16,0.0,0.68,"[851, 164, 82, 102]",0.13,0.0,0.09,0.29,0.21,0.01,0.27,,,,,,,,,,,,,,,,
241,"[826, 166, 79, 93]",0.13,0.0,0.19,0.13,0.52,0.01,0.02,"[310, 110, 82, 108]",0.07,0.0,0.02,0.0,0.05,0.0,0.86,,,,,,,,,,,,,,,,
242,"[860, 175, 77, 94]",0.29,0.0,0.28,0.01,0.09,0.03,0.29,"[322, 112, 86, 110]",0.03,0.0,0.01,0.0,0.1,0.0,0.85,,,,,,,,,,,,,,,,
243,"[325, 115, 84, 109]",0.01,0.0,0.0,0.0,0.04,0.0,0.94,"[835, 172, 84, 101]",0.09,0.0,0.29,0.08,0.2,0.01,0.34,"[189, 373, 27, 32]",0.22,0.0,0.2,0.08,0.42,0.01,0.07,,,,,,,,
244,"[779, 179, 79, 93]",0.12,0.0,0.05,0.01,0.78,0.02,0.02,"[325, 136, 75, 104]",0.63,0.0,0.03,0.05,0.12,0.01,0.15,,,,,,,,,,,,,,,,
245,"[332, 133, 71, 100]",0.31,0.0,0.06,0.01,0.21,0.01,0.39,"[812, 162, 78, 99]",0.21,0.01,0.34,0.01,0.4,0.02,0.01,,,,,,,,,,,,,,,,
246,"[330, 135, 71, 96]",0.41,0.0,0.09,0.0,0.33,0.02,0.14,"[849, 170, 84, 107]",0.55,0.0,0.13,0.01,0.12,0.01,0.19,,,,,,,,,,,,,,,,
247,"[866, 179, 80, 102]",0.15,0.03,0.19,0.0,0.55,0.0,0.08,"[326, 134, 74, 103]",0.52,0.0,0.03,0.02,0.25,0.03,0.15,,,,,,,,,,,,,,,,
248,"[834, 169, 83, 105]",0.86,0.0,0.04,0.0,0.04,0.0,0.05,"[328, 136, 70, 95]",0.34,0.0,0.08,0.01,0.45,0.01,0.11,,,,,,,,,,,,,,,,
249,"[805, 176, 80, 91]",0.35,0.0,0.07,0.02,0.44,0.0,0.13,"[329, 123, 79, 110]",0.47,0.0,0.03,0.01,0.23,0.01,0.25,"[277, 601, 24, 25]",0.01,0.03,0.04,0.71,0.02,0.0,0.19,,,,,,,,
250,"[813, 171, 79, 100]",0.06,0.0,0.04,0.51,0.13,0.0,0.25,"[281, 600, 24, 24]",0.04,0.02,0.1,0.54,0.13,0.0,0.18,"[335, 126, 71, 101]",0.43,0.0,0.02,0.01,0.29,0.0,0.25,,,,,,,,
251,"[825, 172, 80, 96]",0.24,0.0,0.11,0.07,0.37,0.0,0.22,"[329, 129, 74, 99]",0.36,0.0,0.04,0.0,0.39,0.01,0.2,,,,,,,,,,,,,,,,
252,"[822, 168, 82, 101]",0.95,0.0,0.04,0.0,0.0,0.0,0.0,"[332, 127, 70, 104]",0.71,0.0,0.02,0.0,0.12,0.0,0.14,"[277, 599, 25, 26]",0.04,0.02,0.12,0.11,0.35,0.01,0.37,,,,,,,,
253,"[334, 115, 82, 107]",0.04,0.0,0.02,0.0,0.25,0.0,0.69,"[825, 173, 79, 94]",0.08,0.0,0.01,0.86,0.02,0.0,0.03,,,,,,,,,,,,,,,,
254,"[324, 109, 87, 111]",0.06,0.0,0.04,0.0,0.27,0.0,0.62,"[812, 170, 80, 94]",0.07,0.0,0.14,0.01,0.77,0.0,0.01,,,,,,,,,,,,,,,,
255,"[324, 116, 85, 108]",0.04,0.0,0.02,0.0,0.24,0.0,0.7,"[824, 159, 84, 102]",0.63,0.0,0.11,0.07,0.17,0.0,0.02,"[188, 373, 27, 31]",0.1,0.0,0.08,0.18,0.56,0.02,0.06,,,,,,,,
256,"[818, 173, 81, 97]",0.16,0.0,0.04,0.46,0.09,0.0,0.26,"[323, 107, 86, 107]",0.05,0.0,0.01,0.01,0.07,0.0,0.87,"[186, 353, 21, 24]",0.2,0.0,0.05,0.21,0.35,0.01,0.18,,,,,,,,
257,"[827, 176, 75, 92]",0.63,0.01,0.15,0.07,0.12,0.01,0.02,"[329, 112, 83, 108]",0.17,0.0,0.02,0.0,0.14,0.0,0.67,,,,,,,,,,,,,,,,
258,"[844, 170, 79, 97]",0.73,0.0,0.16,0.03,0.06,0.0,0.01,"[324, 104, 84, 107]",0.21,0.0,0.03,0.0,0.13,0.0,0.62,"[187, 373, 26, 28]",0.15,0.0,0.05,0.35,0.38,0.0,0.07,,,,,,,,
259,"[827, 167, 82, 98]",0.52,0.0,0.08,0.09,0.14,0.0,0.17,"[324, 108, 83, 108]",0.16,0.0,0.02,0.01,0.1,0.0,0.71,,,,,,,,,,,,,,,,
260,"[320, 109, 81, 107]",0.09,0.0,0.01,0.0,0.12,0.0,0.78,"[819, 168, 80, 98]",0.23,0.0,0.11,0.13,0.52,0.0,0.01,,,,,,,,,,,,,,,,
261,"[812, 170, 83, 101]",0.02,0.0,0.0,0.94,0.01,0.01,0.02,"[328, 107, 80, 107]",0.07,0.0,0.01,0.0,0.11,0.0,0.8,,,,,,,,,,,,,,,,
262,"[323, 105, 89, 113]",0.16,0.0,0.02,0.01,0.18,0.0,0.64,"[821, 174, 80, 100]",0.29,0.0,0.03,0.66,0.01,0.01,0.01,"[275, 604, 23, 21]",0.06,0.05,0.07,0.4,0.14,0.0,0.27,,,,,,,,
263,"[844, 176, 76, 90]",0.31,0.0,0.02,0.1,0.3,0.0,0.26,"[332, 99, 81, 108]",0.23,0.0,0.01,0.01,0.09,0.0,0.66,"[276, 604, 20, 21]",0.03,0.02,0.05,0.78,0.05,0.0,0.07,,,,,,,,
264,"[329, 99, 87, 105]",0.14,0.0,0.03,0.0,0.19,0.0,0.63,"[866, 169, 82, 102]",0.13,0.0,0.0,0.66,0.03,0.0,0.18,,,,,,,,,,,,,,,,
265,"[853, 171, 79, 92]",0.15,0.0,0.02,0.37,0.1,0.0,0.36,"[324, 101, 87, 112]",0.02,0.0,0.0,0.02,0.01,0.0,0.95,"[277, 601, 24, 25]",0.03,0.15,0.08,0.21,0.17,0.0,0.35,,,,,,,,
266,"[323, 112, 78, 104]",0.13,0.0,0.01,0.01,0.06,0.0,0.79,"[816, 175, 82, 94]",0.07,0.0,0.01,0.81,0.04,0.0,0.07,,,,,,,,,,,,,,,,
267,"[817, 169, 80, 100]",0.28,0.0,0.02,0.56,0.06,0.0,0.08,"[329, 107, 83, 108]",0.22,0.0,0.03,0.0,0.32,0.0,0.43,,,,,,,,,,,,,,,,
268,"[323, 109, 80, 106]",0.19,0.0,0.02,0.01,0.16,0.0,0.61,"[833, 177, 79, 89]",0.14,0.0,0.02,0.01,0.81,0.0,0.01,,,,,,,,,,,,,,,,
269,"[320, 108, 81, 109]",0.19,0.0,0.02,0.01,0.14,0.0,0.63,"[846, 168, 81, 103]",0.54,0.0,0.05,0.14,0.15,0.0,0.13,"[188, 354, 20, 22]",0.11,0.0,0.07,0.02,0.75,0.01,0.04,,,,,,,,
270,"[321, 102, 85, 113]",0.09,0.0,0.01,0.01,0.11,0.0,0.78,,,,,,,,,,,,,,,,,,,,,,,,
271,"[324, 105, 82, 105]",0.1,0.0,0.03,0.01,0.21,0.0,0.65,"[843, 166, 81, 99]",0.21,0.0,0.04,0.34,0.09,0.0,0.31,"[276, 600, 27, 28]",0.01,0.46,0.08,0.13,0.08,0.0,0.23,,,,,,,,
272,"[851, 173, 77, 94]",0.7,0.0,0.01,0.03,0.07,0.0,0.19,"[321, 107, 85, 107]",0.18,0.0,0.03,0.0,0.34,0.0,0.44,,,,,,,,,,,,,,,,
273,"[832, 165, 81, 103]",0.34,0.0,0.09,0.02,0.33,0.0,0.23,"[318, 104, 85, 109]",0.12,0.0,0.01,0.0,0.14,0.0,0.73,"[277, 600, 27, 27]",0.02,0.11,0.12,0.22,0.17,0.01,0.35,,,,,,,,
274,"[820, 170, 81, 98]",0.22,0.0,0.06,0.06,0.42,0.0,0.22,"[321, 109, 83, 110]",0.08,0.0,0.03,0.0,0.09,0.0,0.79,,,,,,,,,,,,,,,,
275,"[322, 108, 85, 105]",0.11,0.0,0.02,0.0,0.17,0.0,0.69,"[845, 169, 81, 95]",0.19,0.0,0.09,0.07,0.33,0.0,0.32,,,,,,,,,,,,,,,,
276,"[847, 166, 78, 97]",0.33,0.0,0.03,0.24,0.07,0.0,0.34,"[320, 107, 84, 107]",0.09,0.0,0.01,0.0,0.08,0.0,0.82,,,,,,,,,,,,,,,,
277,"[843, 171, 77, 98]",0.23,0.0,0.13,0.28,0.22,0.01,0.13,"[319, 109, 84, 110]",0.07,0.0,0.06,0.01,0.18,0.0,0.68,,,,,,,,,,,,,,,,
278,"[849, 174, 81, 104]",0.65,0.0,0.09,0.01,0.11,0.03,0.11,"[315, 111, 84, 107]",0.07,0.0,0.01,0.0,0.06,0.0,0.85,,,,,,,,,,,,,,,,
279,"[834, 170, 82, 100]",0.38,0.0,0.08,0.22,0.13,0.0,0.2,"[318, 111, 80, 107]",0.06,0.0,0.01,0.0,0.12,0.0,0.81,,,,,,,,,,,,,,,,
280,"[827, 170, 80, 99]",0.18,0.0,0.05,0.14,0.26,0.0,0.37,"[310, 137, 73, 97]",0.17,0.0,0.04,0.02,0.32,0.02,0.43,,,,,,,,,,,,,,,,
281,"[821, 177, 81, 95]",0.14,0.0,0.01,0.78,0.02,0.0,0.05,"[328, 121, 79, 105]",0.55,0.0,0.03,0.0,0.14,0.0,0.28,,,,,,,,,,,,,,,,
282,"[323, 106, 85, 108]",0.06,0.0,0.01,0.0,0.08,0.0,0.85,"[828, 163, 83, 104]",0.12,0.0,0.42,0.08,0.19,0.1,0.1,,,,,,,,,,,,,,,,
283,"[847, 175, 83, 106]",0.14,0.0,0.24,0.17,0.12,0.01,0.32,"[328, 115, 76, 110]",0.08,0.0,0.02,0.02,0.13,0.0,0.74,,,,,,,,,,,,,,,,
284,"[329, 113, 83, 106]",0.05,0.0,0.01,0.0,0.18,0.0,0.76,"[825, 169, 83, 104]",0.14,0.0,0.1,0.21,0.35,0.0,0.2,,,,,,,,,,,,,,,,
285,"[807, 175, 85, 104]",0.58,0.0,0.14,0.13,0.11,0.02,0.03,"[327, 106, 84, 110]",0.13,0.0,0.02,0.0,0.26,0.0,0.6,,,,,,,,,,,,,,,,
286,"[324, 103, 84, 106]",0.14,0.0,0.01,0.0,0.21,0.0,0.63,"[838, 169, 79, 101]",0.22,0.0,0.01,0.33,0.17,0.0,0.27,,,,,,,,,,,,,,,,
287,"[835, 170, 81, 98]",0.25,0.0,0.02,0.69,0.02,0.0,0.02,"[324, 103, 82, 106]",0.06,0.0,0.01,0.0,0.07,0.0,0.86,,,,,,,,,,,,,,,,
288,"[319, 103, 84, 107]",0.12,0.0,0.02,0.0,0.48,0.0,0.38,"[818, 168, 81, 96]",0.13,0.0,0.1,0.03,0.59,0.0,0.14,,,,,,,,,,,,,,,,
289,"[835, 178, 77, 96]",0.1,0.0,0.27,0.1,0.41,0.0,0.12,"[322, 96, 88, 112]",0.1,0.0,0.06,0.01,0.09,0.03,0.71,,,,,,,,,,,,,,,,
290,"[851, 172, 78, 92]",0.09,0.0,0.1,0.04,0.73,0.0,0.04,"[322, 103, 83, 103]",0.05,0.0,0.04,0.01,0.09,0.0,0.8,,,,,,,,,,,,,,,,
291,"[322, 102, 86, 112]",0.04,0.0,0.01,0.01,0.05,0.0,0.89,"[853, 173, 78, 94]",0.28,0.0,0.06,0.07,0.44,0.0,0.14,,,,,,,,,,,,,,,,
292,"[856, 171, 80, 98]",0.23,0.0,0.05,0.49,0.16,0.05,0.03,"[322, 109, 79, 103]",0.03,0.0,0.01,0.0,0.12,0.0,0.84,,,,,,,,,,,,,,,,
293,"[337, 105, 86, 107]",0.15,0.0,0.05,0.0,0.22,0.0,0.58,"[836, 165, 79, 95]",0.08,0.0,0.02,0.63,0.02,0.03,0.22,,,,,,,,,,,,,,,,
294,"[337, 103, 88, 109]",0.51,0.0,0.02,0.0,0.18,0.0,0.29,"[841, 169, 83, 106]",0.13,0.0,0.03,0.05,0.11,0.0,0.67,,,,,,,,,,,,,,,,
295,"[337, 97, 84, 111]",0.15,0.0,0.02,0.02,0.32,0.0,0.49,"[840, 167, 81, 97]",0.0,0.0,0.01,0.89,0.01,0.01,0.08,,,,,,,,,,,,,,,,
296,"[829, 165, 77, 94]",0.22,0.0,0.07,0.29,0.25,0.0,0.17,"[339, 104, 83, 107]",0.05,0.0,0.0,0.01,0.08,0.0,0.85,,,,,,,,,,,,,,,,
297,"[344, 99, 79, 110]",0.32,0.0,0.01,0.02,0.11,0.0,0.53,"[827, 165, 78, 96]",0.08,0.0,0.02,0.67,0.02,0.0,0.21,,,,,,,,,,,,,,,,
298,"[334, 111, 80, 107]",0.16,0.0,0.02,0.01,0.16,0.0,0.65,,,,,,,,,,,,,,,,,,,,,,,,
299,"[818, 167, 86, 105]",0.05,0.0,0.07,0.49,0.05,0.01,0.34,"[336, 109, 81, 106]",0.06,0.0,0.02,0.0,0.1,0.0,0.82,,,,,,,,,,,,,,,,
300,"[832, 169, 82, 98]",0.44,0.0,0.13,0.37,0.04,0.01,0.02,"[342, 104, 81, 109]",0.26,0.0,0.01,0.01,0.18,0.0,0.54,,,,,,,,,,,,,,,,
301,"[348, 120, 81, 109]",0.02,0.0,0.01,0.0,0.05,0.0,0.91,"[831, 171, 82, 101]",0.23,0.0,0.05,0.41,0.15,0.0,0.16,"[283, 605, 23, 24]",0.08,0.12,0.12,0.23,0.3,0.0,0.16,,,,,,,,
302,"[342, 111, 81, 108]",0.1,0.0,0.01,0.0,0.07,0.0,0.82,"[858, 184, 76, 96]",0.25,0.0,0.03,0.69,0.01,0.01,0.01,"[278, 606, 25, 25]",0.03,0.06,0.06,0.36,0.05,0.0,0.43,,,,,,,,
303,"[346, 114, 81, 106]",0.46,0.0,0.01,0.0,0.06,0.0,0.46,"[842, 178, 82, 104]",0.18,0.0,0.12,0.54,0.02,0.08,0.07,,,,,,,,,,,,,,,,
304,"[344, 111, 82, 105]",0.11,0.0,0.01,0.0,0.05,0.0,0.83,"[828, 189, 82, 102]",0.32,0.0,0.14,0.03,0.37,0.02,0.13,"[281, 605, 25, 25]",0.05,0.24,0.11,0.11,0.3,0.0,0.19,,,,,,,,
305,"[346, 107, 81, 106]",0.14,0.0,0.02,0.0,0.24,0.0,0.59,"[842, 173, 71, 87]",0.08,0.0,0.0,0.83,0.02,0.0,0.07,"[286, 604, 20, 19]",0.03,0.04,0.11,0.46,0.16,0.0,0.2,,,,,,,,
306,"[342, 106, 81, 107]",0.05,0.0,0.01,0.0,0.16,0.0,0.79,"[863, 163, 76, 92]",0.22,0.0,0.06,0.28,0.27,0.0,0.17,,,,,,,,,,,,,,,,
307,"[348, 101, 84, 108]",0.07,0.0,0.01,0.0,0.15,0.0,0.77,"[848, 159, 74, 96]",0.0,0.0,0.0,0.93,0.01,0.02,0.03,,,,,,,,,,,,,,,,
308,"[853, 135, 79, 91]",0.39,0.0,0.01,0.23,0.06,0.0,0.31,"[364, 108, 79, 107]",0.19,0.0,0.02,0.02,0.44,0.0,0.34,,,,,,,,,,,,,,,,
309,"[988, 140, 82, 98]",0.4,0.0,0.12,0.06,0.07,0.0,0.36,"[310, 100, 95, 122]",0.33,0.0,0.04,0.14,0.14,0.0,0.34,,,,,,,,,,,,,,,,
310,"[526, 102, 82, 104]",0.07,0.0,0.06,0.04,0.16,0.0,0.67,,,,,,,,,,,,,,,,,,,,,,,,
311,"[533, 98, 79, 104]",0.1,0.0,0.22,0.04,0.25,0.01,0.4,,,,,,,,,,,,,,,,,,,,,,,,
