,angry,disgust,fear,happy,sad,surprise,neutral,negative,populism
0,0.22556390977443608,0.0,0.03007518796992481,0.03759398496240601,0.12030075187969924,0.022556390977443608,0.5639097744360906,0.5338345864661656,4.00
1,0.017673048600883652,0.0,0.0824742268041237,0.02650957290132549,0.01914580265095729,0.05596465390279828,0.7982326951399091,0.14432989690721626,4.00
2,0.1482889733840305,0.0,0.03802281368821293,0.06083650190114067,0.07604562737642585,0.019011406844106463,0.6577946768060837,0.39923954372623505,4.00
3,0.21843687374749515,0.0,0.13627254509018044,0.28456913827655334,0.03406813627254508,0.04609218436873748,0.2805611222444892,0.4388777555110224,4.00
4,0.16541353383458646,0.0,0.06015037593984962,0.007518796992481203,0.17293233082706766,0.007518796992481203,0.5864661654135344,0.5789473684210531,4.00
5,0.029585798816568046,0.0,0.005917159763313609,0.0,0.41420118343195206,0.023668639053254437,0.5266272189349104,0.3550295857988162,2.00
6,0.018518518518518517,0.0,0.0,0.0,0.037037037037037035,0.0,0.9444444444444434,0.16666666666666666,2.00
7,0.2222222222222222,0.0,0.07407407407407407,0.0,0.05555555555555555,0.018518518518518517,0.6296296296296291,0.5740740740740736,2.00
8,0.22697368421052652,0.0,0.04934210526315788,0.009868421052631578,0.03618421052631579,0.009868421052631578,0.667763157894735,0.4374999999999993,2.00
9,0.07777777777777778,0.0,0.3333333333333333,0.011111111111111112,0.022222222222222223,0.022222222222222223,0.5333333333333334,0.6888888888888884,2.00
10,0.31136363636363534,0.0,0.38863636363636217,0.0022727272727272726,0.07272727272727274,0.07727272727272728,0.14772727272727262,0.897727272727278,2.00
11,0.3130699088145891,0.00303951367781155,0.24924012158054712,0.0729483282674772,0.1398176291793313,0.0243161094224924,0.19756838905775076,0.759878419452883,2.00
12,0.08888888888888886,0.0,0.37777777777777743,0.011111111111111112,0.016666666666666666,0.03333333333333333,0.47222222222222154,0.5611111111111101,2.00
13,0.04862579281183935,0.0,0.5116279069767469,0.008456659619450317,0.02748414376321353,0.004228329809725159,0.3995771670190289,0.7124735729386942,2.00
14,0.10215053763440855,0.0,0.7822580645161284,0.002688172043010753,0.005376344086021506,0.013440860215053765,0.0940860215053763,0.9193548387096767,2.00
15,0.3945945945945946,0.0,0.021621621621621623,0.04864864864864865,0.043243243243243246,0.04864864864864865,0.44324324324324327,0.6054054054054043,3.00
16,0.4552238805970158,0.0,0.07835820895522384,0.014925373134328358,0.07089552238805967,0.0,0.3805970149253738,0.7201492537313416,3.00
17,0.8987854251012175,0.0,0.0,0.03643724696356275,0.016194331983805668,0.0,0.04858299595141699,0.9352226720647806,3.00
18,0.0,0.0,0.0,0.0,0.0,0.0,0.0,0.0,0.0
19,0.2581967213114756,0.0,0.0778688524590164,0.02868852459016394,0.02868852459016394,0.06557377049180327,0.540983606557377,0.5737704918032782,3.00
20,0.07462686567164183,0.0,0.0,0.0,0.4154228855721381,0.0,0.5099502487562174,0.7114427860696538,2.00
21,0.03474903474903475,0.0,0.0,0.007722007722007722,0.019305019305019305,0.003861003861003861,0.9343629343629328,0.16602316602316602,2.00
22,0.10526315789473678,0.0,0.046439628482972145,0.009287925696594427,0.26315789473684226,0.009287925696594427,0.5665634674922595,0.6749226006191957,2.00
23,0.18749999999999994,0.0,0.08035714285714284,0.04464285714285714,0.16071428571428567,0.008928571428571428,0.5178571428571433,0.6696428571428571,2.00
24,0.2790697674418604,0.0,0.0,0.0,0.4069767441860467,0.0,0.313953488372093,0.8372093023255823,2.00
25,0.09210526315789473,0.0,0.05263157894736842,0.039473684210526314,0.07894736842105263,0.0,0.7368421052631582,0.3421052631578945,4.00
26,0.01694915254237288,0.0,0.01694915254237288,0.05084745762711865,0.0847457627118644,0.0,0.8305084745762705,0.13559322033898305,4.00
27,0.0,0.0,0.0,0.0,0.06626506024096385,0.0,0.9337349397590342,0.13253012048192775,4.00
28,0.016304347826086956,0.0,0.05434782608695651,0.0,0.27173913043478254,0.005434782608695652,0.6521739130434798,0.47826086956521824,4.00
29,0.009345794392523364,0.0,0.06542056074766354,0.0,0.1588785046728972,0.0,0.7663551401869159,0.3644859813084112,4.00
30,0.0,0.0,0.037037037037037035,0.0,0.07407407407407407,0.0,0.8888888888888884,0.18518518518518517,4.00
31,0.29411764705882343,0.0,0.09803921568627451,0.0,0.4705882352941174,0.0,0.13725490196078433,0.9803921568627458,4.00
32,0.1257995735607675,0.0,0.1577825159914711,0.023454157782515986,0.3027718550106608,0.008528784648187633,0.3816631130063963,0.733475479744142,4.00
33,0.14254385964912314,0.0010964912280701754,0.1491228070175442,0.020833333333333332,0.28179824561403505,0.003289473684210526,0.4013157894736815,0.7521929824561426,4.00
34,0.2763819095477392,0.0,0.015075376884422112,0.052763819095477366,0.35427135678392047,0.0,0.30150753768844285,0.7713567839195946,4.00
35,0.27807486631016093,0.0,0.0160427807486631,0.05614973262032082,0.3556149732620329,0.0,0.2941176470588241,0.7780748663101629,1.00
36,0.23173277661795452,0.0,0.018789144050104387,0.04384133611691022,0.37578288100208723,0.0,0.32985386221294355,0.7578288100208733,1.00
37,0.2758620689655173,0.0,0.20689655172413796,0.0,0.0,0.06896551724137931,0.44827586206896564,0.7241379310344827,1.00
38,0.028846153846153848,0.0,0.009615384615384616,0.04807692307692308,0.22115384615384606,0.0,0.6923076923076921,0.5288461538461542,1.00
39,0.38709677419354793,0.0,0.009216589861751152,0.03225806451612903,0.23963133640553005,0.0,0.33179723502304126,0.7788018433179702,1.00
40,0.837662337662335,0.0,0.03246753246753247,0.07792207792207793,0.03896103896103897,0.0,0.012987012987012988,0.9090909090909058,4.00
41,0.5098039215686277,0.0,0.06862745098039216,0.0,0.33333333333333337,0.0,0.08823529411764705,0.9607843137254889,4.00
42,0.0,0.0,0.0,0.0,0.0,0.0,0.0,0.0,0.0
43,0.0,0.0,0.0,0.0,0.0,0.0,0.0,0.0,0.0
44,0.5600000000000004,0.0,0.1680000000000001,0.008,0.22400000000000014,0.0,0.04,0.9600000000000007,4.00
45,0.2103004291845495,0.0,0.02145922746781116,0.1373390557939915,0.07296137339055797,0.004291845493562232,0.5536480686695264,0.3819742489270381,3.00
46,0.41573033707865203,0.0,0.21348314606741572,0.1348314606741573,0.0449438202247191,0.0,0.19101123595505617,0.7752808988764057,3.00
47,0.2049180327868853,0.0,0.049180327868852465,0.13934426229508196,0.40163934426229536,0.0,0.2049180327868853,0.6639344262295087,3.00
48,0.1686746987951807,0.0,0.012048192771084338,0.608433734939759,0.07228915662650602,0.012048192771084338,0.1265060240963856,0.319277108433735,3.00
49,0.1607142857142858,0.0,0.005952380952380952,0.6071428571428561,0.07142857142857142,0.005952380952380952,0.1488095238095239,0.30357142857142855,3.00
50,0.3333333333333332,0.0,0.0196078431372549,0.0,0.0196078431372549,0.058823529411764705,0.568627450980392,0.43137254901960764,1.00
51,0.7131578947368438,0.0,0.06842105263157895,0.002631578947368421,0.03421052631578948,0.0,0.18157894736842112,0.8578947368421074,1.00
52,0.45770065075922023,0.0,0.16485900216919733,0.010845986984815618,0.15618221258134488,0.013015184381778741,0.19739696312364402,0.8958785249457645,1.00
53,0.5702479338842965,0.0,0.09090909090909091,0.008264462809917356,0.2066115702479339,0.008264462809917356,0.11570247933884298,0.9256198347107416,1.00
54,0.336283185840707,0.0,0.06489675516224189,0.0471976401179941,0.10914454277286136,0.008849557522123894,0.43362831858406936,0.6519174041297939,1.00
55,0.6666666666666654,0.0,0.08823529411764702,0.0,0.23039215686274525,0.004901960784313725,0.00980392156862745,0.9852941176470564,2.00
56,0.7777777777777756,0.0,0.016339869281045753,0.03594771241830065,0.1013071895424837,0.0,0.06862745098039218,0.9150326797385594,2.00
57,0.7245901639344241,0.003278688524590164,0.009836065573770491,0.06557377049180328,0.14098360655737702,0.003278688524590164,0.05245901639344263,0.9016393442622908,2.00
58,0.5431472081218297,0.0,0.077834179357022,0.06429780033840951,0.1861252115059219,0.001692047377326565,0.12690355329949227,0.9018612521150547,2.00
59,0.18867924528301885,0.0,0.16981132075471697,0.07547169811320754,0.16981132075471697,0.0,0.3962264150943396,0.6981132075471698,2.00
60,0.20444444444444398,0.0,0.0044444444444444444,0.04,0.4111111111111114,0.0022222222222222222,0.3377777777777776,0.7022222222222244,4.00
61,0.10679611650485434,0.0,0.009708737864077669,0.07766990291262134,0.0,0.019417475728155338,0.786407766990291,0.203883495145631,4.00
62,0.16000000000000011,0.0,0.008,0.1320000000000001,0.5280000000000004,0.004,0.16800000000000012,0.7880000000000006,4.00
63,0.3440677966101681,0.0,0.00847457627118644,0.18813559322033907,0.1694915254237289,0.00847457627118644,0.28135593220338945,0.576271186440673,4.00
64,0.15841584158415842,0.0,0.0297029702970297,0.04950495049504951,0.18811881188118815,0.0,0.5742574257425745,0.4851485148514854,4.00
65,0.29106628242074967,0.0,0.012968299711815559,0.10951008645533129,0.4135446685878988,0.0,0.17291066282420728,0.7968299711815654,1.00
66,0.09243697478991596,0.0,0.0588235294117647,0.03361344537815126,0.025210084033613446,0.008403361344537815,0.7815126050420166,0.19327731092436973,0.0
67,0.5303030303030299,0.0,0.22727272727272718,0.030303030303030304,0.1515151515151515,0.045454545454545456,0.015151515151515152,0.9393939393939387,0.0
68,0.06493506493506497,0.0,0.04761904761904764,0.041125541125541135,0.5887445887445865,0.0,0.257575757575758,0.7965367965367925,0.0
69,0.06,0.0,0.46000000000000013,0.0,0.3,0.0,0.18,0.9600000000000005,0.0
70,0.23940149625935203,0.0,0.019950124688279305,0.29177057356608543,0.15461346633416462,0.007481296758104738,0.2867830423940156,0.48129675810473965,2.00
71,0.6160558464223358,0.0017452006980802793,0.013961605584642236,0.10645724258289692,0.010471204188481676,0.010471204188481676,0.24083769633507912,0.684118673647466,2.00
72,0.1272727272727273,0.0,0.20000000000000004,0.09090909090909091,0.01818181818181818,0.14545454545454548,0.41818181818181827,0.47272727272727283,2.00
73,0.13548387096774187,0.0,0.00967741935483871,0.00967741935483871,0.02580645161290323,0.0064516129032258064,0.8129032258064478,0.2709677419354841,2.00
74,0.03542234332425067,0.0,0.24250681198910132,0.024523160762942774,0.05449591280653949,0.31335149863760237,0.3297002724795641,0.3923705722070842,2.00
75,0.8555555555555545,0.0,0.0,0.0,0.011111111111111112,0.0,0.13333333333333333,0.933333333333332,4.00
76,0.07303370786516854,0.0,0.0,0.0,0.0,0.0,0.9269662921348334,0.11235955056179775,4.00
77,0.25,0.0,0.22916666666666669,0.25,0.08333333333333333,0.020833333333333332,0.16666666666666666,0.6458333333333334,4.00
78,0.12607099143206874,0.0,0.0024479804161566705,0.039167686658506694,0.5042839657282757,0.003671970624235006,0.3243574051407599,0.7894736842105161,4.00
79,0.29602888086642576,0.0,0.010830324909747294,0.06498194945848378,0.12635379061371838,0.0036101083032490976,0.498194945848375,0.5523465703971122,4.00
80,0.11444141689373293,0.0,0.1771117166212536,0.029972752043596722,0.16076294277929168,0.0,0.5177111716621248,0.6621253405994566,1.00
81,0.14990512333965825,0.0,0.003795066413662239,0.07590132827324476,0.08349146110056922,0.0,0.6869070208728691,0.3586337760910809,1.00
82,0.1323251417769377,0.0,0.003780718336483932,0.00945179584120983,0.06994328922495271,0.0,0.7844990548204204,0.34593572778828013,1.00
83,0.019230769230769232,0.0,0.0,0.07692307692307693,0.038461538461538464,0.0,0.865384615384616,0.07692307692307693,1.00
84,0.08390410958904118,0.0,0.011986301369863013,0.03424657534246575,0.09931506849315083,0.0,0.7705479452054734,0.2945205479452064,1.00
85,0.6323529411764701,0.0,0.044117647058823525,0.014705882352941176,0.25,0.0,0.058823529411764705,0.970588235294116,2.00
86,0.06976744186046513,0.0,0.03617571059431524,0.3850129198966417,0.023255813953488372,0.0,0.4857881136950922,0.16279069767441845,2.00
87,0.1751824817518248,0.0,0.10218978102189782,0.2700729927007298,0.09489051094890512,0.0364963503649635,0.32116788321167866,0.4525547445255471,2.00
88,0.370762711864406,0.0,0.11228813559322023,0.04661016949152544,0.03389830508474577,0.00423728813559322,0.43220338983050754,0.6207627118644053,2.00
89,0.013358778625954198,0.0,0.18702290076335903,0.4561068702290053,0.030534351145038167,0.009541984732824428,0.30343511450381644,0.25954198473282464,2.00
90,0.03125,0.0,0.2499999999999999,0.4375000000000002,0.0,0.10416666666666667,0.1770833333333333,0.3125,2.00
91,0.0,0.0,0.5438596491228072,0.17543859649122806,0.017543859649122806,0.08771929824561403,0.17543859649122806,0.5263157894736843,2.00
92,0.08791208791208792,0.0,0.3861852433281021,0.21036106750392514,0.0031397174254317113,0.07849293563579281,0.23390894819466312,0.5337519623233935,2.00
93,0.15105162523900573,0.0,0.25430210325047853,0.057361376673040115,0.2351816443594651,0.011472275334608031,0.29063097514340364,0.768642447418734,2.00
94,0.27592592592592585,0.0,0.28888888888888864,0.06851851851851856,0.03888888888888889,0.053703703703703726,0.274074074074074,0.6888888888888889,2.00
95,0.9159663865546211,0.0,0.0,0.0,0.08403361344537814,0.0,0.0,0.999999999999999,4.00
96,0.2260869565217392,0.0,0.0,0.008695652173913044,0.7652173913043465,0.0,0.0,0.9999999999999973,4.00
97,0.5053763440860232,0.0,0.008960573476702509,0.012544802867383511,0.4569892473118293,0.0,0.016129032258064516,0.976702508960565,4.00
98,0.8181818181818183,0.0,0.0,0.0,0.16883116883116886,0.0,0.012987012987012988,1.0000000000000002,4.00
99,0.37916666666666654,0.004166666666666667,0.06666666666666667,0.0,0.5374999999999993,0.0,0.0125,0.9999999999999977,4.00
100,0.6598130841121539,0.0,0.044859813084112174,0.001869158878504673,0.16635514018691563,0.001869158878504673,0.12523364485981295,0.92897196261683,4.00
101,0.25298804780876477,0.0,0.05776892430278881,0.00199203187250996,0.13944223107569712,0.00398406374501992,0.5438247011952188,0.6235059760956171,4.00
102,0.08823529411764702,0.0,0.014705882352941176,0.044117647058823525,0.0196078431372549,0.00980392156862745,0.8235294117647041,0.142156862745098,4.00
103,0.0,0.0,0.0,0.0,0.0,0.0,0.0,0.0,0.0
104,0.18881118881118894,0.0,0.02097902097902098,0.1258741258741259,0.18181818181818193,0.0,0.4825174825174823,0.4195804195804195,4.00
105,0.07042253521126761,0.0,0.05281690140845072,0.4190140845070418,0.08450704225352111,0.16549295774647876,0.20774647887323927,0.2464788732394364,2.00
106,0.05031446540880503,0.0,0.0,0.2830188679245283,0.012578616352201259,0.0880503144654088,0.5660377358490566,0.06918238993710692,2.00
107,0.1542288557213931,0.0,0.004975124378109453,0.343283582089552,0.02487562189054726,0.044776119402985065,0.4278606965174123,0.1791044776119404,2.00
108,0.00625,0.0,0.00625,0.37812499999999916,0.3937499999999991,0.031249999999999997,0.18437499999999984,0.428124999999999,2.00
109,0.18947368421052638,0.0,0.0,0.14736842105263162,0.5684210526315787,0.0,0.09473684210526317,0.8315789473684216,2.00
110,0.1095890410958904,0.0136986301369863,0.0547945205479452,0.0684931506849315,0.0136986301369863,0.0,0.7397260273972612,0.273972602739726,2.00
111,0.26760563380281693,0.0,0.09859154929577464,0.0,0.028169014084507043,0.0,0.605633802816901,0.30985915492957744,2.00
112,0.2674418604651162,0.0,0.08139534883720931,0.03488372093023256,0.023255813953488372,0.0,0.593023255813954,0.5116279069767445,2.00
113,0.7311827956989215,0.0,0.016129032258064516,0.016129032258064516,0.02150537634408602,0.0,0.21505376344085983,0.8637992831541158,2.00
114,0.43715846994535557,0.0,0.21857923497267776,0.0,0.16939890710382524,0.0,0.1748633879781422,0.901639344262296,2.00
115,0.17391304347826086,0.0,0.06521739130434782,0.021739130434782608,0.10869565217391304,0.08695652173913043,0.543478260869565,0.5217391304347824,4.00
116,0.1076923076923077,0.0,0.06153846153846154,0.0,0.569230769230769,0.0,0.26153846153846155,0.8769230769230756,4.00
117,0.11859838274932623,0.0,0.008086253369272238,0.04851752021563341,0.23450134770889464,0.005390835579514825,0.5849056603773589,0.39353099730458146,4.00
118,0.029940119760479042,0.0,0.47305389221556843,0.041916167664670656,0.023952095808383235,0.011976047904191617,0.4191616766467062,0.604790419161677,4.00
119,0.27044025157232704,0.0,0.0440251572327044,0.01886792452830189,0.27044025157232704,0.0,0.3962264150943396,0.7044025157232704,4.00
120,0.3249097472924185,0.0,0.036101083032490974,0.2743682310469312,0.1083032490974729,0.02527075812274368,0.23104693140794208,0.523465703971119,3.00
121,0.1765913757700207,0.002053388090349076,0.1478439425051336,0.0431211498973306,0.22176591375770044,0.006160164271047228,0.4024640657084173,0.6632443531827468,3.00
122,0.16901408450704228,0.0,0.028169014084507043,0.08450704225352113,0.04225352112676056,0.014084507042253521,0.661971830985915,0.30985915492957744,3.00
123,0.3389830508474575,0.0,0.08474576271186442,0.01694915254237288,0.20338983050847464,0.03389830508474576,0.32203389830508466,0.7372881355932192,3.00
124,0.30392156862745096,0.0,0.0,0.0980392156862745,0.029411764705882353,0.00980392156862745,0.5588235294117648,0.4215686274509806,3.00
125,0.34374999999999906,0.0,0.008680555555555556,0.003472222222222222,0.3506944444444435,0.0,0.293402777777777,0.8333333333333413,3.00
126,0.07246376811594203,0.0,0.20289855072463772,0.0,0.08695652173913043,0.0,0.6376811594202896,0.7391304347826081,3.00
127,0.9500000000000013,0.0,0.0,0.0,0.016666666666666666,0.0,0.03333333333333333,1.0000000000000013,3.00
128,0.4261241970021421,0.0,0.0021413276231263384,0.006423982869379015,0.2933618843683081,0.010706638115631693,0.2612419700214128,0.8650963597430448,3.00
129,0.6283524904214585,0.0,0.022988505747126433,0.0,0.3122605363984673,0.0,0.036398467432950186,0.9961685823754846,3.00
130,0.4705882352941162,0.010230179028132993,0.24552429667519135,0.01790281329923274,0.13299232736572894,0.0,0.12276214833759598,0.9462915601023079,4.00
131,0.01644736842105263,0.0,0.4078947368421047,0.04605263157894736,0.2565789473684213,0.006578947368421052,0.2664473684210528,0.8486842105263129,4.00
132,0.6764705882352935,0.0,0.10294117647058824,0.0,0.22058823529411767,0.0,0.0,0.9999999999999982,4.00
133,0.25287356321839066,0.0,0.0,0.09195402298850575,0.6436781609195397,0.0,0.011494252873563218,0.8965517241379302,4.00
134,0.7950819672131154,0.00819672131147541,0.01639344262295082,0.049180327868852465,0.12295081967213112,0.0,0.00819672131147541,0.9672131147540992,4.00
135,0.02247191011235955,0.0,0.011235955056179775,0.0,0.5168539325842703,0.0,0.44943820224719144,0.6067415730337087,2.00
136,0.18072289156626492,0.0,0.09236947791164656,0.2811244979919676,0.05220883534136547,0.0,0.3935742971887546,0.409638554216867,2.00
137,0.02040816326530612,0.0,0.2653061224489797,0.01020408163265306,0.09183673469387754,0.0,0.6122448979591841,0.5204081632653065,2.00
138,0.18385650224215264,0.0,0.4798206278026916,0.02242152466367713,0.09417040358744394,0.0,0.21973094170403615,0.8565022421524684,2.00
139,0.35436893203883485,0.0,0.03883495145631067,0.41262135922330084,0.014563106796116504,0.0,0.17961165048543684,0.436893203883495,2.00
140,0.27809523809523856,0.0,0.14285714285714302,0.12190476190476202,0.14476190476190492,0.05523809523809522,0.25714285714285756,0.6590476190476158,3.00
141,0.08264462809917356,0.0,0.5082644628099161,0.03305785123966942,0.049586776859504134,0.01652892561983471,0.30991735537190024,0.7603305785123946,3.00
142,0.1385869565217391,0.008152173913043478,0.6657608695652163,0.01358695652173913,0.03532608695652173,0.002717391304347826,0.13586956521739127,0.932065217391299,3.00
143,0.13100436681222702,0.0,0.18340611353711797,0.10917030567685583,0.26200873362445437,0.03930131004366812,0.2751091703056771,0.6812227074235819,3.00
144,0.1385642737896491,0.0,0.1402337228714521,0.13021702838063412,0.31218697829716097,0.011686143572621035,0.26711185308848,0.6944908180300476,3.00
145,0.5390070921985821,0.0,0.0,0.0780141843971631,0.22695035460992918,0.0,0.15602836879432624,0.8439716312056748,4.00
146,0.2421524663677135,0.0,0.020179372197309416,0.1838565022421528,0.44618834080717595,0.0,0.10762331838565035,0.7600896860986567,4.00
147,0.241176470588235,0.0,0.008823529411764706,0.0794117647058824,0.12647058823529422,0.0,0.5441176470588222,0.47058823529411653,4.00
148,0.17553191489361702,0.010638297872340425,0.02127659574468085,0.015957446808510637,0.5372340425531908,0.0,0.23936170212765967,0.8457446808510652,4.00
149,0.5802469135802456,0.0,0.01646090534979424,0.07818930041152264,0.053497942386831296,0.0,0.27160493827160503,0.7242798353909445,4.00
150,0.07327586206896552,0.0,0.025862068965517244,0.2715517241379311,0.01293103448275862,0.04310344827586208,0.5732758620689643,0.15948275862068967,1.00
151,0.07540983606557378,0.0,0.05901639344262296,0.13770491803278687,0.01639344262295082,0.0,0.7114754098360636,0.16721311475409822,1.00
152,0.23841059602649023,0.0,0.0860927152317881,0.16556291390728486,0.0,0.006622516556291391,0.503311258278145,0.4437086092715227,1.00
153,0.06727037516170772,0.0,0.1578266494178525,0.13712807244501954,0.00129366106080207,0.09702457956015541,0.5394566623544662,0.19016817593790397,1.00
154,0.4150943396226415,0.0,0.09433962264150943,0.22641509433962262,0.0,0.018867924528301886,0.2452830188679245,0.490566037735849,1.00
155,0.32786885245901665,0.0,0.00546448087431694,0.03825136612021858,0.27868852459016413,0.0,0.34972677595628443,0.6775956284153012,4.00
156,0.11004784688995212,0.0,0.0,0.03827751196172249,0.4449760765550248,0.0,0.4066985645933021,0.703349282296653,4.00
157,0.19555555555555557,0.0,0.0044444444444444444,0.031111111111111114,0.5955555555555547,0.0044444444444444444,0.1688888888888889,0.8711111111111121,4.00
158,0.0871559633027523,0.0,0.0,0.0,0.5275229357798149,0.0,0.38532110091743044,0.7110091743119239,4.00
159,0.0,0.0,0.0,0.0,0.0,0.0,0.0,0.0,0.0
160,0.0,0.0,0.03529411764705882,0.058823529411764705,0.2941176470588237,0.0,0.611764705882353,0.4235294117647062,4.00
161,0.015444015444015444,0.0,0.1505791505791506,0.03861003861003861,0.17374517374517373,0.04633204633204633,0.5752895752895745,0.5212355212355205,4.00
162,0.006535947712418301,0.0,0.44444444444444386,0.0,0.3398692810457514,0.0522875816993464,0.15686274509803927,0.8823529411764685,4.00
163,0.0,0.0,0.405027932960895,0.0111731843575419,0.2681564245810055,0.00558659217877095,0.310055865921788,0.7541899441340825,4.00
164,0.003676470588235294,0.0,0.08088235294117647,0.11397058823529413,0.5588235294117632,0.007352941176470588,0.23529411764705843,0.6985294117647038,4.00
165,0.012345679012345678,0.0,0.006172839506172839,0.04938271604938271,0.006172839506172839,0.018518518518518517,0.9074074074074103,0.024691358024691357,2.00
166,0.06859205776173283,0.0,0.010830324909747292,0.016245487364620937,0.1371841155234656,0.0036101083032490976,0.7635379061371912,0.3555956678700374,2.00
167,0.08754208754208752,0.0,0.0,0.0101010101010101,0.19191919191919213,0.006734006734006734,0.703703703703702,0.36363636363636354,2.00
168,0.08823529411764708,0.0,0.12941176470588242,0.0,0.03529411764705882,0.011764705882352941,0.7352941176470573,0.35882352941176454,2.00
169,0.005780346820809248,0.0,0.07514450867052021,0.0,0.0,0.12138728323699417,0.7976878612716788,0.09826589595375719,2.00
170,0.16814159292035402,0.0,0.0,0.0,0.3982300884955756,0.0,0.43362831858407125,0.8053097345132754,1.00
171,0.02791878172588833,0.0,0.0025380710659898475,0.054568527918781674,0.38071065989847513,0.0,0.5342639593908595,0.44796954314720483,1.00
172,0.2681564245810055,0.0,0.0,0.11452513966480439,0.08659217877094967,0.0,0.5307262569832425,0.449720670391063,1.00
173,0.20417633410672897,0.002320185614849188,0.0,0.19025522041763376,0.14849187935034813,0.0,0.45475638051044276,0.4083526682134587,1.00
174,0.005434782608695652,0.005434782608695652,0.005434782608695652,0.005434782608695652,0.8152173913043501,0.0,0.16304347826086948,0.9836956521739161,1.00
175,0.11607142857142853,0.0,0.026785714285714284,0.008928571428571428,0.10714285714285711,0.0,0.7410714285714283,0.3928571428571431,4.00
176,0.0,0.0,0.0,0.0,0.0,0.0,0.0,0.0,0.0
177,0.05120481927710842,0.0,0.12801204819277123,0.2123493975903611,0.1265060240963857,0.16867469879518063,0.31325301204819295,0.3072289156626507,4.00
178,0.08074534161490692,0.0,0.041925465838509327,0.10248447204968957,0.09627329192546595,0.09161490683229824,0.5869565217391255,0.33540372670807356,4.00
179,0.01886792452830189,0.0,0.0440251572327044,0.05031446540880503,0.440251572327044,0.0,0.4465408805031446,0.559748427672956,4.00
180,0.20574162679425828,0.0,0.004784688995215311,0.31578947368421073,0.09090909090909088,0.004784688995215311,0.3779904306220101,0.38277511961722543,2.00
181,0.36833333333333274,0.0,0.0016666666666666668,0.10666666666666653,0.32499999999999984,0.008333333333333333,0.19000000000000025,0.7116666666666696,2.00
182,0.13414634146341461,0.0,0.04878048780487805,0.03658536585365854,0.012195121951219513,0.06097560975609756,0.7073170731707321,0.21951219512195128,2.00
183,0.07608695652173914,0.0,0.010869565217391304,0.03260869565217391,0.0,0.13043478260869562,0.7500000000000008,0.13043478260869562,2.00
184,0.042682926829268296,0.0,0.024390243902439022,0.042682926829268296,0.01524390243902439,0.0274390243902439,0.8475609756097567,0.16158536585365862,2.00
185,0.3956043956043945,0.006868131868131869,0.24587912087912026,0.006868131868131869,0.08928571428571422,0.006868131868131869,0.248626373626373,0.8763736263736236,3.00
186,0.14772727272727268,0.0,0.1931818181818181,0.03977272727272728,0.10227272727272725,0.017045454545454544,0.49999999999999967,0.556818181818182,3.00
187,0.25454545454545474,0.0,0.11515151515151512,0.006060606060606061,0.5090909090909087,0.012121212121212121,0.103030303030303,0.9333333333333357,3.00
188,0.44778481012658383,0.0,0.14398734177215183,0.04113924050632914,0.05221518987341776,0.0031645569620253164,0.3117088607594945,0.7705696202531678,3.00
189,0.10563380281690143,0.0,0.08450704225352114,0.13380281690140847,0.02112676056338028,0.007042253521126761,0.6478873239436613,0.3028169014084505,3.00
190,0.08558030480656499,0.0,0.0011723329425556857,0.030480656506447816,0.3927315357561575,0.0011723329425556857,0.48886283704572475,0.6166471277842959,3.00
191,0.12258064516129036,0.0,0.0,0.0,0.6064516129032265,0.0064516129032258064,0.2645161290322579,0.7741935483870979,3.00
192,0.08902077151335308,0.0,0.011869436201780416,0.04451038575667657,0.5118694362017792,0.001483679525222552,0.3412462908011862,0.7284866468842711,3.00
193,0.04,0.0,0.0,0.02,0.36000000000000015,0.0,0.5800000000000003,0.47000000000000025,3.00
194,0.10335917312661494,0.0,0.0,0.0,0.36434108527131853,0.0,0.5322997416020687,0.5710594315245489,3.00
195,0.02580645161290323,0.0,0.012903225806451613,0.0,0.03548387096774194,0.0064516129032258064,0.919354838709672,0.15806451612903225,1.00
196,0.021138211382113813,0.0,0.0,0.0065040650406504065,0.039024390243902425,0.0,0.9333333333333266,0.08617886178861794,1.00
197,0.0,0.0,0.055555555555555546,0.0,0.02564102564102564,0.008547008547008548,0.9102564102564082,0.094017094017094,1.00
198,0.09756097560975609,0.0,0.0,0.006968641114982578,0.07665505226480836,0.0,0.8188153310104522,0.24041811846689892,1.00
199,0.09069493521790334,0.0,0.0,0.010600706713780918,0.018845700824499413,0.0,0.8798586572438213,0.12603062426383957,1.00
200,0.02824858757062147,0.0,0.005649717514124294,0.02824858757062147,0.005649717514124294,0.0,0.9322033898305048,0.11864406779661021,2.00
201,0.0,0.0,0.0,0.025974025974025976,0.03896103896103896,0.0,0.9350649350649353,0.07792207792207793,2.00
202,0.07418856259659967,0.0,0.010819165378670788,0.027820710973724874,0.4791344667697091,0.0061823802163833074,0.40185471406491663,0.6275115919629061,2.00
203,0.0,0.0,0.0,0.0,0.016129032258064516,0.0,0.9838709677419347,0.06451612903225806,2.00
204,0.006172839506172839,0.0,0.007716049382716049,0.006172839506172839,0.016975308641975308,0.0,0.9629629629629669,0.040123456790123455,2.00
205,0.0234375,0.0,0.026041666666666668,0.16927083333333326,0.5755208333333336,0.0078125,0.1979166666666665,0.6718749999999989,4.00
206,0.011627906976744186,0.0,0.0,0.011627906976744186,0.5290697674418611,0.005813953488372093,0.4418604651162796,0.6220930232558147,4.00
207,0.3489932885906035,0.0,0.07158836689038033,0.044742729306487684,0.333333333333333,0.0,0.20134228187919498,0.8612975391498916,4.00
208,0.0,0.0,0.0,0.0,0.10101010101010101,0.020202020202020204,0.8787878787878773,0.1414141414141414,4.00
209,0.6129943502824848,0.0,0.13276836158192096,0.0649717514124294,0.07344632768361585,0.00847457627118644,0.10734463276836163,0.8813559322033916,4.00
210,0.13500000000000004,0.0,0.1950000000000001,0.5400000000000004,0.005,0.025,0.10000000000000002,0.3500000000000002,3.00
211,0.09979633401222002,0.0,0.1140529531568229,0.6048879837067201,0.014256619144602849,0.006109979633401222,0.16089613034623237,0.2606924643584524,3.00
212,0.07692307692307691,0.0,0.025641025641025644,0.16239316239316237,0.2564102564102564,0.008547008547008548,0.4700854700854707,0.4017094017094021,3.00
213,0.09885057471264368,0.0,0.0022988505747126436,0.40689655172413625,0.20689655172413746,0.011494252873563218,0.2735632183908037,0.35172413793103313,3.00
214,0.0,0.0,0.0,0.0,0.0,0.0,0.0,0.0,0.0
215,0.1,0.0,0.3538461538461535,0.0,0.3076923076923075,0.023076923076923078,0.2153846153846154,0.8769230769230747,2.00
216,0.1386138613861386,0.0,0.1386138613861386,0.07920792079207921,0.2277227722772278,0.0,0.41584158415841604,0.633663366336634,2.00
217,0.27799227799227777,0.0,0.15444015444015446,0.003861003861003861,0.2664092664092662,0.007722007722007722,0.28957528957528933,0.8301158301158288,2.00
218,0.023809523809523808,0.0,0.06349206349206349,0.0,0.6507936507936494,0.0,0.26190476190476186,0.8650793650793629,2.00
219,0.056,0.0,0.1680000000000001,0.0,0.2720000000000002,0.008,0.4960000000000004,0.7280000000000005,2.00
