id,populism,values,populism_values,psize,psize_seat,anger,disgust,fear,happy,sad,surprise,neutral,negative,populism_2,lr_2
0,4,4,4,3,3,0.216315789473684,0.00894736842105263,0.116165413533835,0.0538345864661654,0.172481203007519,0.0301503759398496,0.400075187969925,0.51390977443609,1,1
1,4,4,4,3,3,0.0721060382916053,0.000206185567010309,0.113637702503682,0.0520765832106038,0.0928276877761414,0.087319587628866,0.581516936671576,0.278777614138439,1,1
2,4,4,4,3,3,0.195019011406844,0.000532319391634981,0.0798479087452472,0.0634600760456274,0.173079847908745,0.0579467680608365,0.428973384030418,0.448479087452472,1,1
3,4,4,4,3,3,0.20248496993988,0.00110220440881764,0.140841683366733,0.230060120240481,0.111583166332665,0.0635270541082164,0.249218436873747,0.456012024048096,1,1
4,4,4,4,3,3,0.195864661654135,0.00661654135338346,0.118721804511278,0.0403759398496241,0.190751879699248,0.025187969924812,0.421353383458647,0.511954887218045,1,1
5,2,1,1,2,2,0.138,0.00358333333333333,0.08725,0.0155833333333333,0.323833333333333,0.0298333333333333,0.4005,0.552666666666667,0,0
6,2,1,1,2,2,0.12037037037037,0.00037037037037037,0.0535185185185185,0.022037037037037,0.0938888888888889,0.00962962962962963,0.699444444444444,0.268148148148148,0,0
7,2,1,1,2,2,0.258148148148148,0.000555555555555556,0.127222222222222,0.00518518518518519,0.132592592592593,0.032962962962963,0.443148148148148,0.518518518518519,0,0
8,2,1,1,2,2,0.25391447368421,0.000822368421052632,0.113585526315789,0.0268092105263158,0.106217105263158,0.0385526315789474,0.459177631578947,0.474539473684211,0,0
9,2,1,1,2,2,0.190777777777778,0.000222222222222222,0.271888888888889,0.0607777777777778,0.095,0.0536666666666667,0.328444444444444,0.557888888888889,0,0
10,2,3,1,2,2,0.260409090909091,0.00161363636363636,0.28775,0.00438636363636364,0.169318181818182,0.115522727272727,0.159318181818182,0.719090909090909,0,1
11,2,3,1,2,2,0.252477064220183,0.00446483180428135,0.234434250764526,0.0670642201834862,0.18822629969419,0.0554128440366973,0.197125382262997,0.67960244648318,0,1
12,2,3,1,2,2,0.149833333333333,5.55555555555556E-05,0.307111111111111,0.0267777777777778,0.0687222222222222,0.0748333333333333,0.371611111111111,0.525722222222222,0,1
13,2,3,1,2,2,0.16107822410148,0.000147991543340381,0.34431289640592,0.015708245243129,0.126279069767442,0.0392600422832981,0.312177589852008,0.631818181818182,0,1
14,2,3,1,2,2,0.199112903225806,8.06451612903226E-05,0.52994623655914,0.0035752688172043,0.0648655913978495,0.0813440860215054,0.120241935483871,0.794005376344086,0,1
15,3,2,4,3,3,0.272702702702703,0.00518918918918919,0.146540540540541,0.0682702702702703,0.122702702702703,0.0797837837837838,0.303783783783784,0.547135135135135,1,0
16,3,2,4,3,3,0.339813432835821,0.00283582089552239,0.122462686567164,0.0322761194029851,0.146007462686567,0.0209701492537313,0.334701492537313,0.611119402985075,1,0
17,3,2,4,3,3,0.727975708502024,0.00299595141700405,0.0441295546558704,0.0433198380566802,0.0880971659919029,0.00384615384615385,0.088421052631579,0.863198380566802,1,0
19,3,2,4,3,3,0.243155737704918,0.00487704918032787,0.143770491803279,0.0350409836065574,0.127213114754098,0.0870081967213115,0.357090163934426,0.519016393442623,1,0
20,2,1,1,3,3,0.182014925373134,0.000149253731343284,0.0387810945273632,0.00223880597014925,0.378706467661691,0.0110945273631841,0.38547263681592,0.599651741293532,0,0
21,2,1,1,3,3,0.165984555984556,0.000617760617760618,0.048030888030888,0.00876447876447877,0.149382239382239,0.0107335907335907,0.614015444015444,0.364015444015444,0,0
22,2,1,1,3,3,0.196130030959752,0.0111764705882353,0.0911764705882353,0.0118575851393189,0.275851393188854,0.0291640866873065,0.382786377708978,0.574334365325077,0,0
23,2,1,1,3,3,0.192678571428571,0.000446428571428571,0.152589285714286,0.0414285714285714,0.229017857142857,0.03125,0.351785714285714,0.574732142857143,0,0
24,2,1,1,3,3,0.25546511627907,0.000232558139534884,0.065,0.000697674418604651,0.356046511627907,0.0253488372093023,0.296860465116279,0.676744186046512,0,0
25,4,2,4,2,2,0.176052631578947,0.00131578947368421,0.103026315789474,0.0339473684210526,0.168026315789474,0.00605263157894737,0.510394736842105,0.448421052631579,1,0
26,4,2,4,2,2,0.0979661016949152,0.00169491525423729,0.0466101694915254,0.0510169491525424,0.153728813559322,0.00474576271186441,0.644576271186441,0.3,1,0
27,4,2,4,2,2,0.0710843373493976,0.000180722891566265,0.084277108433735,0.000783132530120482,0.179578313253012,0.00253012048192771,0.660481927710843,0.335120481927711,1,0
28,4,2,4,2,2,0.119076086956522,0.005,0.130489130434783,0.0110326086956522,0.243804347826087,0.0242391304347826,0.464402173913043,0.498369565217391,1,0
29,4,2,4,2,2,0.128504672897196,0,0.130934579439252,0.00308411214953271,0.222616822429907,0.000934579439252336,0.511121495327103,0.482056074766355,1,0
30,4,2,4,3,3,0.131481481481481,0,0.092962962962963,0.00111111111111111,0.157037037037037,0.000740740740740741,0.614444444444444,0.381481481481482,1,0
31,4,2,4,3,3,0.281176470588235,0.00117647058823529,0.189019607843137,0.00333333333333333,0.352352941176471,0.00313725490196079,0.167450980392157,0.823725490196078,1,0
32,4,2,4,3,3,0.186417910447761,0.00251599147121535,0.191748400852878,0.0483795309168444,0.262452025586354,0.0135181236673774,0.294221748400853,0.643134328358209,1,0
33,4,2,4,3,3,0.193541666666667,0.00360745614035088,0.184638157894737,0.0542105263157895,0.26219298245614,0.0120614035087719,0.288585526315789,0.643980263157895,1,0
34,4,2,4,3,3,0.269472361809045,0.0049748743718593,0.0520854271356784,0.0566834170854271,0.338165829145729,0.00477386934673367,0.271758793969849,0.664698492462312,1,0
35,1,3,1,2,2,0.26975935828877,0.00524064171122995,0.0523262032085562,0.0594117647058824,0.338663101604278,0.00481283422459893,0.267673796791444,0.665989304812834,0,1
36,1,3,1,2,2,0.254029227557411,0.00417536534446764,0.0567223382045929,0.0517327766179541,0.335594989561587,0.00572025052192067,0.289791231732777,0.650521920668058,0,1
37,1,3,1,2,2,0.215172413793103,0.00310344827586207,0.21448275862069,0.0213793103448276,0.129310344827586,0.110689655172414,0.30448275862069,0.562068965517241,0,1
38,1,3,1,2,2,0.125192307692308,0.00192307692307692,0.0993269230769231,0.0616346153846154,0.276346153846154,0.00567307692307692,0.427980769230769,0.502788461538462,0,1
39,1,3,1,2,2,0.307880184331797,0.000184331797235023,0.0881566820276498,0.0550230414746544,0.251290322580645,0.0067741935483871,0.289400921658986,0.647511520737327,0,1
40,4,2,4,3,3,0.69448051948052,0.0128571428571429,0.0668181818181818,0.0792857142857143,0.0964285714285714,0.00350649350649351,0.0436363636363636,0.870584415584416,1,0
41,4,2,4,3,3,0.342843137254902,0.00441176470588235,0.148627450980392,0.00313725490196078,0.336274509803922,0.0103921568627451,0.153235294117647,0.832156862745098,1,0
44,4,2,4,3,3,0.41944,0.008,0.21248,0.02072,0.27224,0.00448,0.06112,0.91216,1,0
45,3,4,4,2,2,0.20381974248927,0.000171673819742489,0.0613733905579399,0.171072961373391,0.143304721030043,0.0194420600858369,0.399742489270386,0.408669527896996,1,1
46,3,4,4,2,2,0.27438202247191,0.00191011235955056,0.197640449438202,0.152696629213483,0.142584269662921,0.030561797752809,0.199438202247191,0.616516853932584,1,1
47,3,4,4,2,2,0.189016393442623,0.000245901639344262,0.0618032786885246,0.141475409836066,0.349180327868852,0.00737704918032787,0.249590163934426,0.600245901639344,1,1
48,3,4,4,2,2,0.180602409638554,0.00253012048192771,0.0569879518072289,0.427409638554217,0.11921686746988,0.0242771084337349,0.186927710843374,0.35933734939759,1,1
49,3,4,4,2,2,0.174642857142857,0.00220238095238095,0.0565476190476191,0.438690476190476,0.113154761904762,0.0236309523809524,0.189285714285714,0.346547619047619,1,1
50,1,1,1,3,3,0.262549019607843,0.00235294117647059,0.0823529411764706,0.0213725490196078,0.101960784313725,0.0927450980392157,0.434901960784314,0.44921568627451,0,0
51,1,1,1,3,3,0.518868421052632,0.000552631578947368,0.128736842105263,0.00284210526315789,0.110026315789474,0.00865789473684211,0.228447368421053,0.758184210526316,0,0
52,1,1,1,3,3,0.354511930585683,0.0010412147505423,0.202668112798265,0.0128633405639913,0.202711496746204,0.0304772234273319,0.194338394793926,0.760932754880694,0,0
53,1,1,1,3,3,0.390826446280992,0.000578512396694215,0.153636363636364,0.0100826446280992,0.245537190082645,0.0246280991735537,0.172148760330578,0.790578512396694,0,0
54,1,1,1,3,3,0.288790560471976,0.000294985250737463,0.11117994100295,0.0521533923303835,0.189705014749263,0.025811209439528,0.330825958702065,0.589970501474926,0,0
55,2,4,2,3,3,0.487156862745098,0.0240196078431373,0.185441176470588,0.0119607843137255,0.249460784313725,0.0148529411764706,0.0255392156862745,0.946078431372549,0,1
56,2,4,2,3,3,0.63718954248366,0.0205555555555556,0.061764705882353,0.0492156862745098,0.131895424836601,0.0057516339869281,0.0907843137254902,0.85140522875817,0,1
57,2,4,2,3,3,0.560459016393443,0.00718032786885246,0.0835081967213115,0.0874426229508197,0.159934426229508,0.0178688524590164,0.0822950819672131,0.811081967213115,0,1
58,2,4,2,3,3,0.376311336717428,0.00346869712351946,0.134873096446701,0.0741116751269035,0.228866328257191,0.0130964467005076,0.167428087986464,0.743519458544839,0,1
59,2,4,2,3,3,0.219433962264151,0.000377358490566038,0.150188679245283,0.0843396226415094,0.220188679245283,0.0205660377358491,0.30188679245283,0.590188679245283,0,1
60,4,1,3,3,3,0.2294,0.0008,0.0738888888888889,0.0473777777777778,0.339155555555556,0.0129555555555556,0.294911111111111,0.643244444444444,1,0
61,4,1,3,3,3,0.20126213592233,0.00223300970873786,0.0380582524271845,0.0779611650485437,0.089126213592233,0.0219417475728155,0.567864077669903,0.330679611650485,1,0
62,4,1,3,3,3,0.2246,0.00172,0.08936,0.1212,0.36584,0.01044,0.18532,0.68152,1,0
63,4,1,3,3,3,0.311627118644068,0.000559322033898305,0.0385254237288136,0.181050847457627,0.179576271186441,0.0184745762711864,0.268694915254237,0.53028813559322,1,0
64,4,1,3,3,3,0.182871287128713,0.00188118811881188,0.0932673267326733,0.0614851485148515,0.218811881188119,0.0179207920792079,0.422673267326733,0.496831683168317,1,0
65,1,3,1,3,2,0.278991354466859,0.00342939481268011,0.0739048991354467,0.119798270893372,0.328703170028818,0.0104322766570605,0.18306916426513,0.685028818443804,0,1
66,,,,,,0.153109243697479,0.000420168067226891,0.140168067226891,0.0768067226890757,0.0626050420168067,0.0585714285714286,0.506806722689076,0.356302521008403,,
67,,,,,,0.353636363636364,0,0.24030303030303,0.0439393939393939,0.195909090909091,0.051969696969697,0.11469696969697,0.789848484848485,,
68,,,,,,0.154415584415584,0.000367965367965368,0.108831168831169,0.0448701298701299,0.445194805194805,0.00738095238095238,0.237164502164502,0.708809523809524,,
69,,,,,,0.1312,0,0.3394,0.0112,0.3148,0.0046,0.1964,0.7854,,
70,2,3,1,3,3,0.223466334164589,0.00167082294264339,0.0781546134663342,0.249800498753117,0.181770573566085,0.022643391521197,0.241920199501247,0.485062344139651,0,1
71,2,3,1,3,3,0.397033158813263,0.00715532286212914,0.0843455497382199,0.12825479930192,0.0983769633507853,0.0274869109947644,0.255828970331588,0.586910994764398,0,1
72,2,3,1,3,3,0.204146341463415,0,0.203170731707317,0.09,0.0553658536585366,0.112439024390244,0.331707317073171,0.462682926829268,0,1
73,2,3,1,3,3,0.228096774193548,0.000129032258064516,0.0658709677419355,0.0265161290322581,0.0980645161290322,0.0200967741935484,0.559677419354839,0.392161290322581,0,1
74,2,3,1,3,3,0.110136239782016,0.00128065395095368,0.233514986376022,0.0239782016348774,0.0963215258855586,0.274904632152589,0.258828337874659,0.44125340599455,0,1
75,4,4,4,3,3,0.567777777777778,0.000555555555555556,0.0148888888888889,0.00144444444444444,0.184111111111111,0,0.228777777777778,0.767333333333333,1,1
76,4,4,4,3,3,0.157752808988764,0.000224719101123596,0.0191573033707865,0.0169101123595506,0.093876404494382,0.00123595505617978,0.708988764044944,0.271011235955056,1,1
77,4,4,4,3,3,0.215208333333333,0,0.203333333333333,0.206666666666667,0.147708333333333,0.06625,0.16125,0.56625,1,1
78,4,4,4,3,3,0.237356181150551,0.00489596083231334,0.051297429620563,0.0306364749082007,0.388506731946144,0.00654834761321909,0.27780905752754,0.682056303549572,1,1
79,4,4,4,3,3,0.262519083969466,0.000763358778625954,0.0538931297709924,0.0680534351145038,0.184160305343511,0.0115267175572519,0.417022900763359,0.501335877862595,1,1
80,1,1,1,3,3,0.181089918256131,0,0.192343324250681,0.0580381471389646,0.203133514986376,0.00760217983651226,0.357057220708447,0.576566757493188,0,0
81,1,1,1,3,3,0.221745730550285,0.000170777988614801,0.0507210626185958,0.0825047438330171,0.160607210626186,0.00172675521821632,0.480398481973434,0.433244781783681,0,0
82,1,1,1,3,3,0.208714555765595,0.000113421550094518,0.0526275992438563,0.0181663516068053,0.168544423440454,0.00338374291115312,0.546672967863894,0.43,0,0
83,1,1,1,3,3,0.0853846153846154,0,0.0373076923076923,0.0882692307692308,0.0875,0.00519230769230769,0.694615384615385,0.210192307692308,0,0
84,1,1,1,3,3,0.175582191780822,0.00077054794520548,0.0592808219178082,0.0626541095890411,0.148133561643836,0.0023458904109589,0.549657534246575,0.383767123287671,0,0
85,2,1,1,3,3,0.393235294117647,0.00426470588235294,0.140441176470588,0.0357352941176471,0.258529411764706,0.000882352941176471,0.164411764705882,0.796470588235294,0,0
86,2,1,1,3,3,0.130361757105943,2.58397932816537E-05,0.058733850129199,0.334780361757106,0.0779328165374677,0.00204134366925065,0.393979328165375,0.267054263565891,0,0
87,2,1,1,3,3,0.18014598540146,0.00562043795620438,0.126861313868613,0.225547445255474,0.145255474452555,0.059051094890511,0.257591240875912,0.457883211678832,0,0
88,2,1,1,3,3,0.311546610169492,0.00201271186440678,0.155169491525424,0.0690677966101695,0.107436440677966,0.0178813559322034,0.335699152542373,0.576165254237288,0,0
89,2,1,1,3,3,0.0785117493472585,5.22193211488251E-05,0.217415143603133,0.266971279373368,0.0914621409921671,0.0475456919060052,0.297780678851175,0.387441253263708,0,0
90,2,1,1,3,3,0.0729166666666667,0.000104166666666667,0.252604166666667,0.336875,0.0322916666666667,0.159791666666667,0.143645833333333,0.357916666666667,0,0
91,2,1,1,3,3,0.104210526315789,0.00298245614035088,0.32719298245614,0.166491228070175,0.0917543859649123,0.168245614035088,0.139298245614035,0.526140350877193,0,0
92,2,1,1,3,3,0.149497645211931,6.27943485086342E-05,0.31105180533752,0.196813186813187,0.0446467817896389,0.112182103610675,0.185384615384615,0.505259026687598,0,0
93,2,1,1,3,3,0.189120458891013,0.000745697896749522,0.246481835564054,0.0635946462715105,0.237667304015296,0.0309560229445507,0.229923518164436,0.674015296367113,0,0
94,2,1,1,3,3,0.247277777777778,0.000388888888888889,0.255166666666667,0.0852592592592593,0.101851851851852,0.0857222222222222,0.223296296296296,0.604685185185185,0,0
95,4,4,4,3,3,0.638655462184874,0.00394957983193277,0.118487394957983,0.00117647058823529,0.203697478991597,0.00260504201680672,0.0294957983193277,0.964789915966386,1,1
96,4,4,4,3,3,0.278260869565217,0.0011304347826087,0.071304347826087,0.0188695652173913,0.573478260869565,0.00226086956521739,0.0535652173913044,0.924173913043478,1,1
97,4,4,4,3,3,0.438476702508961,8.96057347670251E-05,0.0732616487455197,0.0179032258064516,0.411845878136201,0.00559139784946237,0.0507347670250896,0.923673835125448,1,1
98,4,4,4,3,3,0.61974025974026,0.00155844155844156,0.0685714285714286,0.0051948051948052,0.245064935064935,0.00337662337662338,0.0533766233766234,0.934935064935065,1,1
99,4,4,4,3,3,0.331291666666667,0.00333333333333333,0.166583333333333,0.00575,0.385208333333333,0.00979166666666667,0.0954166666666667,0.886416666666667,1,1
100,4,4,4,,,0.441476635514019,0.000785046728971963,0.111308411214953,0.00811214953271028,0.256242990654206,0.00489719626168224,0.174859813084112,0.80981308411215,1,1
101,4,4,4,,,0.259581673306773,0.00157370517928287,0.0968326693227092,0.0152589641434263,0.206772908366534,0.0282270916334661,0.390478087649402,0.564760956175299,1,1
102,4,4,4,,,0.0929411764705882,0.000588235294117647,0.0369117647058824,0.0756372549019608,0.200588235294118,0.00705882352941176,0.584950980392157,0.331029411764706,1,1
104,4,4,4,,,0.231468531468531,0.000699300699300699,0.054965034965035,0.133986013986014,0.183216783216783,0.00412587412587413,0.390699300699301,0.47034965034965,1,1
105,2,4,2,,,0.097992125984252,0.000984251968503937,0.0933464566929134,0.377086614173228,0.101141732283465,0.151614173228346,0.176771653543307,0.293464566929134,0,1
106,2,4,2,,,0.0732075471698113,0.000817610062893082,0.0432704402515723,0.27811320754717,0.0613207547169811,0.0811949685534591,0.461509433962264,0.178616352201258,0,1
107,2,4,2,,,0.169701492537313,0.000199004975124378,0.0493034825870647,0.324179104477612,0.0665671641791045,0.0578606965174129,0.331592039800995,0.285771144278607,0,1
108,2,4,2,,,0.0810074626865672,3.73134328358209E-05,0.0524253731343284,0.334141791044776,0.291007462686567,0.0402985074626866,0.200708955223881,0.424477611940298,0,1
109,2,4,2,,,0.200421052631579,0.000947368421052632,0.063578947368421,0.171368421052632,0.41778947368421,0.0205263157894737,0.122947368421053,0.682736842105263,0,1
110,2,1,1,,,0.163698630136986,0.0235616438356164,0.0983561643835616,0.0649315068493151,0.0963013698630137,0.0195890410958904,0.533424657534247,0.381917808219178,0,0
111,2,1,1,,,0.194642857142857,0.00892857142857143,0.115,0.0919642857142857,0.121428571428571,0.0330357142857143,0.434285714285714,0.44,0,0
112,2,1,1,,,0.236279069767442,0.00279069767441861,0.141511627906977,0.0690697674418605,0.136744186046512,0.0302325581395349,0.382441860465116,0.517325581395349,0,0
113,2,1,1,,,0.479408602150538,0.00132616487455197,0.0482258064516129,0.017831541218638,0.124820788530466,0.000591397849462366,0.326487455197133,0.653781362007168,0,0
114,2,1,1,,,0.337431693989071,0.00136612021857923,0.22672131147541,0.0181420765027322,0.221311475409836,0.00519125683060109,0.187868852459016,0.786830601092896,0,0
115,4,4,4,,,0.180434782608696,0,0.145869565217391,0.0676086956521739,0.146304347826087,0.0815217391304348,0.375434782608696,0.472608695652174,1,1
116,4,4,4,,,0.185076923076923,0.00276923076923077,0.134,0.0156923076923077,0.385538461538462,0.0181538461538462,0.258153846153846,0.707384615384615,1,1
117,4,4,4,,,0.161617250673854,0.000808625336927224,0.0542048517520216,0.0795417789757413,0.235148247978437,0.0162264150943396,0.45088948787062,0.45177897574124,1,1
118,4,4,4,,,0.131197604790419,0.000179640718562874,0.33125748502994,0.0506586826347305,0.0990419161676647,0.0667664670658683,0.319520958083832,0.561676646706587,1,1
119,4,4,4,,,0.235408805031447,0.000377358490566038,0.140314465408805,0.0386163522012579,0.266477987421384,0.00333333333333333,0.31377358490566,0.642578616352201,1,1
120,3,4,4,3,3,0.252671480144404,0.00140794223826715,0.0851263537906137,0.244007220216606,0.152454873646209,0.0533935018050541,0.209747292418773,0.491660649819495,1,1
121,3,4,4,3,3,0.204250513347023,0.00217659137577002,0.198172484599589,0.0583162217659138,0.201416837782341,0.0309650924024641,0.303572895277207,0.606016427104723,1,1
122,3,4,4,3,3,0.204225352112676,0,0.0636619718309859,0.107323943661972,0.123239436619718,0.0274647887323944,0.473661971830986,0.39112676056338,1,1
123,3,4,4,3,3,0.279576271186441,0.000593220338983051,0.136610169491525,0.0335593220338983,0.225,0.056864406779661,0.265508474576271,0.641779661016949,1,1
124,3,4,4,3,3,0.274019607843137,0.000882352941176471,0.0665686274509804,0.118039215686274,0.131960784313725,0.0226470588235294,0.383529411764706,0.47343137254902,1,1
125,3,1,3,3,3,0.297864583333333,0.0184201388888889,0.07609375,0.00897569444444444,0.312170138888889,0.00663194444444444,0.277291666666667,0.704548611111111,1,0
126,3,1,3,3,3,0.162173913043478,0.00202898550724638,0.196086956521739,0.00536231884057971,0.229565217391304,0.00956521739130435,0.393478260869565,0.589855072463768,1,0
127,3,1,3,3,3,0.599666666666667,0.00666666666666667,0.0513333333333333,0.000666666666666667,0.195833333333333,0.000833333333333333,0.141666666666667,0.8535,1,0
128,3,1,3,3,3,0.346959314775161,0.00246252676659529,0.0509850107066381,0.0168950749464668,0.29017130620985,0.0246680942184154,0.266145610278373,0.690578158458244,1,0
129,3,1,3,3,3,0.437049808429119,0.00189655172413793,0.145632183908046,0.00350574712643678,0.303371647509579,0.0186206896551724,0.0885249042145594,0.887950191570881,1,0
130,4,4,4,3,3,0.325268542199488,0.0511764705882353,0.245933503836317,0.0327621483375959,0.172352941176471,0.00687979539641944,0.164040920716113,0.794731457800511,1,1
131,4,4,4,3,3,0.0991447368421053,0.00282894736842105,0.314309210526316,0.0499671052631579,0.24375,0.0275657894736842,0.261217105263158,0.660032894736842,1,1
132,4,4,4,3,3,0.454558823529412,0.00911764705882353,0.150735294117647,0.0275,0.251911764705882,0.0158823529411765,0.0876470588235294,0.866323529411765,1,1
133,4,4,4,3,3,0.269425287356322,0.0188505747126437,0.086551724137931,0.0936781609195402,0.43,0.00540229885057471,0.0945977011494253,0.804827586206897,1,1
134,4,4,4,3,3,0.620491803278689,0.0260655737704918,0.0761475409836066,0.0834426229508197,0.157213114754098,0.00680327868852459,0.0272131147540984,0.879918032786885,1,1
135,2,1,1,3,2,0.108202247191011,0,0.0869662921348315,0.0315730337078652,0.385955056179775,0.00426966292134832,0.381460674157303,0.581123595505618,0,0
136,2,1,1,3,2,0.185020080321285,0.000602409638554217,0.0886746987951807,0.233413654618474,0.153092369477912,0.00622489959839357,0.332048192771084,0.427389558232932,0,0
137,2,1,1,3,2,0.0855102040816327,0,0.257040816326531,0.0371428571428571,0.168775510204082,0.0178571428571429,0.434183673469388,0.511326530612245,0,0
138,2,1,1,3,2,0.212107623318386,0,0.353363228699552,0.0469506726457399,0.182107623318386,0.0117040358744395,0.192286995515695,0.747578475336323,0,0
139,2,1,1,3,2,0.291116504854369,0.00985436893203883,0.0660679611650485,0.347281553398058,0.0702912621359223,0.0113106796116505,0.203009708737864,0.437330097087379,0,0
140,3,1,3,2,2,0.239142857142857,0.00361904761904762,0.148057142857143,0.117028571428571,0.185885714285714,0.0768,0.228723809523809,0.576704761904762,1,0
141,3,1,3,2,2,0.148884297520661,0.00330578512396694,0.333223140495868,0.0573553719008264,0.133057851239669,0.0447107438016529,0.278140495867769,0.618471074380165,1,0
142,3,1,3,2,2,0.178777173913043,0.010570652173913,0.487364130434783,0.0372554347826087,0.116440217391304,0.0224728260869565,0.146195652173913,0.793152173913044,1,0
143,3,1,3,2,2,0.163275109170306,0.00244541484716157,0.181353711790393,0.105371179039301,0.260829694323144,0.0586026200873362,0.226506550218341,0.607903930131004,1,0
144,3,1,3,2,2,0.173322203672788,0.00163606010016695,0.159432387312187,0.121302170283806,0.268580968280467,0.0266277128547579,0.248030050083472,0.602971619365609,1,0
145,4,4,4,3,3,0.382056737588652,0.0131914893617021,0.0429078014184397,0.112269503546099,0.255886524822695,0.00226950354609929,0.189787234042553,0.694042553191489,1,1
146,4,4,4,3,3,0.226008968609865,0.00233183856502242,0.088609865470852,0.164058295964126,0.337130044843049,0.0130493273542601,0.166614349775785,0.654080717488789,1,1
147,4,4,4,3,3,0.255088235294118,0.00320588235294118,0.0606470588235294,0.110705882352941,0.184852941176471,0.00452941176470588,0.378882352941176,0.503794117647059,1,1
148,4,4,4,3,3,0.200159574468085,0.0314893617021277,0.0998404255319149,0.0543085106382979,0.376489361702128,0.0104787234042553,0.225106382978723,0.707978723404255,1,1
149,4,4,4,3,3,0.468641975308642,0.00580246913580247,0.0754732510288066,0.0930864197530864,0.107777777777778,0.00271604938271605,0.244444444444444,0.657695473251029,1,1
150,1,1,1,3,3,0.135093457943925,0.00154205607476636,0.0868691588785047,0.219018691588785,0.0874766355140187,0.0840654205607477,0.385140186915888,0.310981308411215,0,0
151,1,1,1,3,3,0.141868852459016,0.000426229508196721,0.0958688524590164,0.175311475409836,0.0574098360655738,0.0205245901639344,0.508459016393443,0.295573770491803,0,0
152,1,1,1,3,3,0.237218543046358,0.00132450331125828,0.109072847682119,0.17205298013245,0.0833774834437086,0.0348344370860927,0.359933774834437,0.430993377483444,0,0
153,1,1,1,3,3,0.101849935316947,0.00120310478654593,0.183492884864166,0.13235446313066,0.0209831824062096,0.12496765847348,0.434501940491591,0.307529107373868,0,0
154,1,1,1,3,3,0.354150943396226,0,0.105660377358491,0.202075471698113,0.0335849056603774,0.0460377358490566,0.257547169811321,0.493396226415094,0,0
155,4,1,3,3,3,0.279453551912568,0.000983606557377049,0.0626775956284153,0.0474863387978142,0.286994535519126,0.0119125683060109,0.309016393442623,0.630109289617486,1,0
156,4,1,3,3,3,0.195980861244019,0.00382775119617225,0.0344976076555024,0.0619617224880383,0.370574162679426,0.00124401913875598,0.331196172248804,0.60488038277512,1,0
157,4,1,3,3,3,0.232488888888889,0.00751111111111111,0.0354666666666667,0.0452444444444444,0.463866666666667,0.00333333333333333,0.210222222222222,0.739333333333333,1,0
158,4,1,3,3,3,0.17045871559633,0.000779816513761468,0.0443119266055046,0.0187614678899083,0.425550458715596,0.00146788990825688,0.336743119266055,0.641100917431193,1,0
160,4,4,4,2,1,0.0731764705882353,0,0.126941176470588,0.113294117647059,0.247882352941176,0.0296470588235294,0.409176470588235,0.448,1,1
161,4,4,4,2,1,0.113281853281853,0,0.191351351351351,0.067953667953668,0.215135135135135,0.0696525096525096,0.342857142857143,0.51976833976834,1,1
162,4,4,4,2,1,0.101176470588235,0,0.339542483660131,0.0261437908496732,0.289346405228758,0.0829411764705882,0.160849673202614,0.730065359477124,1,1
163,4,4,4,2,1,0.0310055865921788,0.00187150837988827,0.334050279329609,0.0308938547486034,0.289189944134078,0.0147206703910615,0.297011173184358,0.656117318435754,1,1
164,4,4,4,2,1,0.0458455882352941,0.000698529411764706,0.20125,0.112463235294118,0.379558823529412,0.0216911764705882,0.2375,0.627352941176471,1,1
165,2,3,1,3,3,0.052962962962963,0,0.0637654320987654,0.0675925925925926,0.0306172839506173,0.0435185185185185,0.741543209876543,0.147345679012346,0,1
166,2,3,1,3,3,0.150812274368231,1.80505415162455E-05,0.0690794223826715,0.0390613718411552,0.187689530685921,0.0124187725631769,0.539079422382671,0.407599277978339,0,1
167,2,3,1,3,3,0.191851851851852,0.000101010101010101,0.0567340067340067,0.0383501683501683,0.201919191919192,0.0157239057239057,0.494545454545454,0.450606060606061,0,1
168,2,3,1,3,3,0.167529411764706,5.88235294117647E-05,0.169588235294118,0.0385882352941177,0.119764705882353,0.0471176470588235,0.456882352941176,0.456941176470588,0,1
169,2,3,1,3,3,0.0953179190751445,0,0.159653179190751,0.0190751445086705,0.0434104046242775,0.136820809248555,0.54485549132948,0.298381502890173,0,1
170,1,3,1,2,2,0.269115044247788,0.00415929203539823,0.0361061946902655,0.0141592920353982,0.345929203539823,0.00176991150442478,0.325929203539823,0.655309734513274,0,1
171,1,3,1,2,2,0.0749873096446701,0.0066243654822335,0.0215862944162437,0.0796065989847716,0.351294416243655,0.00319796954314721,0.460647208121827,0.454492385786802,0,1
172,1,3,1,2,2,0.263715083798883,0.0076536312849162,0.0301396648044693,0.133631284916201,0.174050279329609,0.00360335195530726,0.385251396648045,0.475558659217877,0,1
173,1,3,1,2,2,0.211786542923434,0.0160092807424594,0.0216705336426914,0.189396751740139,0.194593967517401,0.00389791183294664,0.360742459396752,0.444060324825986,0,1
174,1,3,1,2,2,0.175434782608696,0.0251630434782609,0.0978804347826087,0.00494565217391304,0.467282608695652,0.00505434782608696,0.222173913043478,0.765760869565217,0,1
175,4,4,4,3,3,0.139642857142857,0.000178571428571429,0.0770535714285714,0.0114285714285714,0.228482142857143,0.0201785714285714,0.521785714285714,0.445357142857143,1,1
177,4,4,4,3,3,0.0953721682847896,0.000210355987055016,0.148640776699029,0.193608414239482,0.145485436893204,0.144919093851133,0.271165048543689,0.389708737864078,1,1
178,4,4,4,3,3,0.132422360248447,0.000201863354037267,0.0948913043478261,0.100310559006211,0.161925465838509,0.0825776397515528,0.425978260869565,0.38944099378882,1,1
179,4,4,4,3,3,0.0867295597484277,0.000880503144654088,0.108176100628931,0.0484905660377359,0.369748427672956,0.010314465408805,0.373081761006289,0.565534591194969,1,1
180,2,4,2,3,3,0.2088,0.0004,0.0404,0.2872,0.1436,0.01795,0.30055,0.3932,0,1
181,2,4,2,3,3,0.289716666666667,0.0012,0.0435666666666667,0.104083333333333,0.286783333333333,0.0256,0.2477,0.621266666666667,0,1
182,2,4,2,3,3,0.162073170731707,0.00024390243902439,0.0873170731707317,0.0523170731707317,0.075,0.0776829268292683,0.545365853658537,0.324634146341463,0,1
183,2,4,2,3,3,0.179782608695652,0,0.0716304347826087,0.0272826086956522,0.0758695652173913,0.116195652173913,0.528152173913044,0.327282608695652,0,1
184,2,4,2,3,3,0.142774390243902,0.000152439024390244,0.0513719512195122,0.0544207317073171,0.103506097560976,0.03625,0.610030487804878,0.29780487804878,0,1
185,3,4,4,2,2,0.310645604395604,0.0234203296703297,0.244134615384615,0.0183653846153846,0.147403846153846,0.0334615384615385,0.220837912087912,0.725604395604396,1,1
186,3,4,4,2,2,0.194943181818182,0.00176136363636364,0.203806818181818,0.07,0.144772727272727,0.0377272727272727,0.345909090909091,0.545284090909091,1,1
187,3,4,4,2,2,0.233212121212121,0.000242424242424242,0.162909090909091,0.018,0.359878787878788,0.0327272727272727,0.192060606060606,0.756242424242424,1,1
188,3,4,4,2,2,0.316471518987342,0.0014873417721519,0.197579113924051,0.0667088607594937,0.138496835443038,0.0235126582278481,0.254382911392405,0.654034810126582,1,1
189,3,4,4,2,2,0.14669014084507,0.00028169014084507,0.129225352112676,0.160211267605634,0.101338028169014,0.03,0.431056338028169,0.377535211267606,1,1
190,3,4,4,3,3,0.159062133645955,0.000211019929660023,0.0394607268464244,0.0486987104337632,0.350762016412661,0.0108323563892145,0.389976553341149,0.549495896834701,1,1
191,3,4,4,3,3,0.226322580645161,0,0.0604516129032258,0.0232258064516129,0.434322580645161,0.00993548387096774,0.243870967741935,0.721096774193549,1,1
192,3,4,4,3,3,0.182759643916914,0.000222551928783383,0.0687537091988131,0.0528189910979229,0.369658753709199,0.00864985163204748,0.315311572700297,0.621394658753709,1,1
193,3,4,4,3,3,0.1328,0.0003,0.0283,0.02,0.3297,0.0112,0.4755,0.4911,1,1
194,3,4,4,3,3,0.188785529715762,2.58397932816537E-05,0.0433333333333333,0.0169767441860465,0.307751937984496,0.00462532299741602,0.43640826873385,0.539896640826873,1,1
195,1,2,2,3,2,0.0771612903225806,0,0.0887096774193548,0.0298387096774194,0.152709677419355,0.0719354838709678,0.580806451612903,0.31858064516129,0,0
196,1,2,2,3,2,0.0597235772357724,0.000520325203252033,0.0150406504065041,0.0216747967479675,0.13530081300813,0.000975609756097561,0.765008130081301,0.210585365853659,0,0
197,1,2,2,3,2,0.0466239316239316,0,0.126111111111111,0.0236324786324786,0.0996153846153846,0.0455128205128205,0.657905982905983,0.272350427350427,0,0
198,1,2,2,3,2,0.156202090592335,0,0.0309756097560976,0.0232752613240418,0.184216027874565,0.00439024390243903,0.600557491289199,0.371393728222997,0,0
199,1,2,2,3,2,0.0838280329799765,8.24499411071849E-05,0.0280800942285041,0.0326737338044759,0.0898233215547703,0.00250883392226148,0.761825677267373,0.201813898704358,0,0
200,2,1,1,3,3,0.115480225988701,0,0.0494350282485876,0.0681920903954802,0.0877966101694915,0.00971751412429379,0.66774011299435,0.25271186440678,0,0
201,2,1,1,3,3,0.0728571428571429,0,0.0353246753246753,0.0728571428571429,0.135584415584416,0.0116883116883117,0.671038961038961,0.243766233766234,0,0
202,2,1,1,3,3,0.134698608964451,0.000510046367851623,0.0583616692426584,0.0633075734157651,0.364775888717156,0.0277588871715611,0.349366306027821,0.558346213292118,0,0
203,2,1,1,3,3,0.0562903225806452,0,0.0490322580645161,0.0266129032258065,0.130967741935484,0.00032258064516129,0.735483870967742,0.236290322580645,0,0
204,2,1,1,3,3,0.0427469135802469,0.000185185185185185,0.0548302469135802,0.0116666666666667,0.0713734567901235,0.0058641975308642,0.811913580246914,0.169135802469136,0,0
205,4,1,3,2,2,0.075703125,0.000234375,0.0678125,0.164375,0.4596875,0.006484375,0.2240625,0.6034375,1,0
206,4,1,3,2,2,0.0762790697674419,0.00063953488372093,0.0517441860465116,0.0148837209302326,0.429825581395349,0.0263372093023256,0.398720930232558,0.558488372093023,1,0
207,4,1,3,2,2,0.296979865771812,0.00519015659955257,0.14407158836689,0.0717897091722595,0.270156599552573,0.00950782997762864,0.201208053691275,0.716398210290828,1,0
208,4,1,3,2,2,0.0314141414141414,0,0.0618181818181818,0.00393939393939394,0.16949494949495,0.0233333333333333,0.708282828282828,0.262727272727273,1,0
209,4,1,3,2,2,0.428954802259887,0.000112994350282486,0.187598870056497,0.0920621468926554,0.122005649717514,0.0259887005649718,0.142231638418079,0.738672316384181,1,0
210,3,1,3,3,3,0.1134,0.00015,0.15925,0.531,0.0393,0.0368,0.11755,0.3121,1,0
211,3,1,3,3,3,0.0965580448065173,0.00054989816700611,0.106272912423625,0.593503054989817,0.039877800407332,0.0242362525458248,0.136965376782077,0.243258655804481,1,0
212,3,1,3,3,3,0.122181818181818,9.09090909090909E-05,0.05,0.160454545454545,0.269090909090909,0.0109090909090909,0.386545454545455,0.441363636363636,1,0
213,3,1,3,3,3,0.124919540229885,0.00211494252873563,0.0488275862068966,0.345701149425287,0.204896551724138,0.0203448275862069,0.251448275862069,0.380758620689655,1,0
215,2,3,1,3,3,0.183153846153846,0,0.284076923076923,0.000846153846153846,0.271923076923077,0.0433846153846154,0.215538461538461,0.739153846153846,0,1
216,2,3,1,3,3,0.193564356435644,0.000594059405940594,0.154851485148515,0.0969306930693069,0.228613861386139,0.0125742574257426,0.310891089108911,0.577623762376238,0,1
217,2,3,1,3,3,0.272123552123552,0.000463320463320463,0.184092664092664,0.0111969111969112,0.272548262548263,0.015984555984556,0.241119691119691,0.729227799227799,0,1
218,2,3,1,3,3,0.141269841269841,0,0.151428571428571,0.00277777777777778,0.425396825396825,0.0026984126984127,0.273809523809524,0.718095238095238,0,1
219,2,3,1,3,3,0.15728,0.00072,0.21024,0.01024,0.26008,0.01752,0.34272,0.62832,0,1
